County-State,Median-Household-Income
AUTAUGA-AL,57982
BALDWIN-AL,61756
BARBOUR-AL,34990
BIBB-AL,51721
BLOUNT-AL,48922
BULLOCK-AL,33866
BUTLER-AL,44850
CALHOUN-AL,50128
CHAMBERS-AL,43875
CHEROKEE-AL,42509
CHILTON-AL,52141
CHOCTAW-AL,36634
CLARKE-AL,37345
CLAY-AL,42678
CLEBURNE-AL,46320
COFFEE-AL,56799
COLBERT-AL,47962
CONECUH-AL,35444
COOSA-AL,43571
COVINGTON-AL,42566
CRENSHAW-AL,42611
CULLMAN-AL,48388
DALE-AL,45644
DALLAS-AL,33317
DEKALB-AL,42267
ELMORE-AL,62324
ESCAMBIA-AL,35558
ETOWAH-AL,44934
FAYETTE-AL,41469
FRANKLIN-AL,41174
GENEVA-AL,41569
GREENE-AL,26688
HALE-AL,30793
HENRY-AL,51715
HOUSTON-AL,49069
JACKSON-AL,42578
JEFFERSON-AL,55088
LAMAR-AL,42688
LAUDERDALE-AL,48428
LAWRENCE-AL,47125
LEE-AL,52930
LIMESTONE-AL,64270
LOWNDES-AL,33634
MACON-AL,35450
MADISON-AL,66887
MARENGO-AL,33029
MARION-AL,40978
MARSHALL-AL,50216
MOBILE-AL,49625
MONROE-AL,31969
MONTGOMERY-AL,51963
MORGAN-AL,52923
PERRY-AL,23875
PICKENS-AL,40362
PIKE-AL,39218
RANDOLPH-AL,45141
RUSSELL-AL,42208
ST. CLAIR-AL,62531
SHELBY-AL,78889
SUMTER-AL,26150
TALLADEGA-AL,43969
TALLAPOOSA-AL,48160
TUSCALOOSA-AL,54283
WALKER-AL,45833
WASHINGTON-AL,42331
WILCOX-AL,35063
WINSTON-AL,40991
ALEUTIANS EAST BOROUGH-AK,75833
ALEUTIANS WEST CENSUS AREA-AK,87443
ANCHORAGE MUNICIPALITY-AK,84813
BETHEL CENSUS AREA-AK,54400
BRISTOL BAY BOROUGH-AK,79808
DENALI BOROUGH-AK,76364
DILLINGHAM CENSUS AREA-AK,57436
FAIRBANKS NORTH STAR BOROUGH-AK,76464
HAINES BOROUGH-AK,65014
HOONAH-ANGOON CENSUS AREA-AK,59926
JUNEAU CITY AND BOROUGH-AK,88077
KENAI PENINSULA BOROUGH-AK,69245
KETCHIKAN GATEWAY BOROUGH-AK,74678
KODIAK ISLAND BOROUGH-AK,79173
KUSILVAK CENSUS AREA-AK,37358
LAKE AND PENINSULA BOROUGH-AK,48750
MATANUSKA-SUSITNA BOROUGH-AK,76118
NOME CENSUS AREA-AK,62843
NORTH SLOPE BOROUGH-AK,79083
NORTHWEST ARCTIC BOROUGH-AK,63750
PETERSBURG BOROUGH-AK,68667
PRINCE OF WALES-HYDER CENSUS AREA-AK,54018
SITKA CITY AND BOROUGH-AK,81708
SKAGWAY MUNICIPALITY-AK,71875
SOUTHEAST FAIRBANKS CENSUS AREA-AK,66941
WRANGELL CITY AND BOROUGH-AK,58438
YAKUTAT CITY AND BOROUGH-AK,59517
YUKON-KOYUKUK CENSUS AREA-AK,41728
CHUGACH CENSUS AREA-AK,90776
COPPER RIVER CENSUS AREA-AK,64745
APACHE-AZ,33967
COCHISE-AZ,51505
COCONINO-AZ,59000
GILA-AZ,46907
GRAHAM-AZ,55693
GREENLEE-AZ,66368
LA PAZ-AZ,34956
MARICOPA-AZ,67799
MOHAVE-AZ,47686
NAVAJO-AZ,43140
PIMA-AZ,55023
PINAL-AZ,60968
SANTA CRUZ-AZ,41424
YAVAPAI-AZ,53329
YUMA-AZ,48790
ARKANSAS-AR,51000
ASHLEY-AR,43601
BAXTER-AR,43504
BENTON-AR,71556
BOONE-AR,46392
BRADLEY-AR,41808
CALHOUN-AR,50441
CARROLL-AR,48249
CHICOT-AR,33523
CLARK-AR,39500
CLAY-AR,37933
CLEBURNE-AR,45563
CLEVELAND-AR,46349
COLUMBIA-AR,37609
CONWAY-AR,44456
CRAIGHEAD-AR,49730
CRAWFORD-AR,48980
CRITTENDEN-AR,42384
CROSS-AR,44379
DALLAS-AR,35134
DESHA-AR,31855
DREW-AR,42924
FAULKNER-AR,54191
FRANKLIN-AR,37561
FULTON-AR,35274
GARLAND-AR,48150
GRANT-AR,59051
GREENE-AR,50083
HEMPSTEAD-AR,45484
HOT SPRING-AR,46390
HOWARD-AR,38038
INDEPENDENCE-AR,48972
IZARD-AR,42818
JACKSON-AR,37885
JEFFERSON-AR,40402
JOHNSON-AR,39346
LAFAYETTE-AR,33763
LAWRENCE-AR,40587
LEE-AR,27902
LINCOLN-AR,46554
LITTLE RIVER-AR,48966
LOGAN-AR,44232
LONOKE-AR,59278
MADISON-AR,41446
MARION-AR,38426
MILLER-AR,45391
MISSISSIPPI-AR,42986
MONROE-AR,38438
MONTGOMERY-AR,41165
NEVADA-AR,39946
NEWTON-AR,39542
OUACHITA-AR,38279
PERRY-AR,44926
PHILLIPS-AR,33724
PIKE-AR,42983
POINSETT-AR,40700
POLK-AR,39084
POPE-AR,46004
PRAIRIE-AR,42754
PULASKI-AR,52930
RANDOLPH-AR,42844
ST. FRANCIS-AR,36053
SALINE-AR,66876
SCOTT-AR,42635
SEARCY-AR,35077
SEBASTIAN-AR,47878
SEVIER-AR,47872
SHARP-AR,35573
STONE-AR,36067
UNION-AR,45293
VAN BUREN-AR,40442
WASHINGTON-AR,52380
WHITE-AR,44000
WOODRUFF-AR,40331
YELL-AR,47981
ALAMEDA-CA,104888
ALPINE-CA,85750
AMADOR-CA,65187
BUTTE-CA,54972
CALAVERAS-CA,67054
COLUSA-CA,59427
CONTRA COSTA-CA,103997
DEL NORTE-CA,49981
EL DORADO-CA,83710
FRESNO-CA,57109
GLENN-CA,51682
HUMBOLDT-CA,49235
IMPERIAL-CA,46222
INYO-CA,59296
KERN-CA,54851
KINGS-CA,61556
LAKE-CA,49254
LASSEN-CA,56971
LOS ANGELES-CA,71358
MADERA-CA,61924
MARIN-CA,121671
MARIPOSA-CA,50960
MENDOCINO-CA,52915
MERCED-CA,56330
MODOC-CA,51250
MONO-CA,64924
MONTEREY-CA,76943
NAPA-CA,92219
NEVADA-CA,68333
ORANGE-CA,94441
PLACER-CA,93677
PLUMAS-CA,57233
RIVERSIDE-CA,70732
SACRAMENTO-CA,70684
SAN BENITO-CA,85808
SAN BERNARDINO-CA,65761
SAN DIEGO-CA,82426
SAN FRANCISCO-CA,119136
SAN JOAQUIN-CA,68628
SAN LUIS OBISPO-CA,77948
SAN MATEO-CA,128091
SANTA BARBARA-CA,78925
SANTA CLARA-CA,130890
SANTA CRUZ-CA,89986
SHASTA-CA,57139
SIERRA-CA,52103
SISKIYOU-CA,47403
SOLANO-CA,84638
SONOMA-CA,86173
STANISLAUS-CA,62873
SUTTER-CA,63502
TEHAMA-CA,48895
TRINITY-CA,41780
TULARE-CA,52534
TUOLUMNE-CA,60509
VENTURA-CA,89295
YOLO-CA,73746
YUBA-CA,59424
ADAMS-CO,73817
ALAMOSA-CO,41121
ARAPAHOE-CO,80291
ARCHULETA-CO,55658
BACA-CO,34655
BENT-CO,38083
BOULDER-CO,87476
BROOMFIELD-CO,101206
CHAFFEE-CO,55176
CHEYENNE-CO,67763
CLEAR CREEK-CO,71919
CONEJOS-CO,33611
COSTILLA-CO,34732
CROWLEY-CO,40785
CUSTER-CO,60361
DELTA-CO,47968
DENVER-CO,72661
DOLORES-CO,56786
DOUGLAS-CO,121393
EAGLE-CO,85877
ELBERT-CO,104231
EL PASO-CO,71517
FREMONT-CO,52364
GARFIELD-CO,75435
GILPIN-CO,90547
GRAND-CO,71769
GUNNISON-CO,60557
HINSDALE-CO,39038
HUERFANO-CO,40255
JACKSON-CO,46157
JEFFERSON-CO,87793
KIOWA-CO,39503
KIT CARSON-CO,50411
LAKE-CO,65858
LA PLATA-CO,69291
LARIMER-CO,76366
LAS ANIMAS-CO,44159
LINCOLN-CO,47042
LOGAN-CO,49560
MESA-CO,57157
MINERAL-CO,53571
MOFFAT-CO,54583
MONTEZUMA-CO,50717
MONTROSE-CO,54611
MORGAN-CO,58468
OTERO-CO,43075
OURAY-CO,68893
PARK-CO,76611
PHILLIPS-CO,50426
PITKIN-CO,82455
PROWERS-CO,42648
PUEBLO-CO,49979
RIO BLANCO-CO,54247
RIO GRANDE-CO,43570
ROUTT-CO,76198
SAGUACHE-CO,45231
SAN JUAN-CO,56875
SAN MIGUEL-CO,66898
SEDGWICK-CO,43875
SUMMIT-CO,80709
TELLER-CO,61463
WASHINGTON-CO,51181
WELD-CO,74332
YUMA-CO,54393
FAIRFIELD-CT,97539
HARTFORD-CT,76259
LITCHFIELD-CT,81590
MIDDLESEX-CT,84907
NEW HAVEN-CT,71370
NEW LONDON-CT,75831
TOLLAND-CT,87809
WINDHAM-CT,67365
KENT-DE,60117
NEW CASTLE-DE,75275
SUSSEX-DE,64905
ALACHUA-FL,50089
BAKER-FL,62299
BAY-FL,56483
BRADFORD-FL,43580
BREVARD-FL,59359
BROWARD-FL,60922
CALHOUN-FL,38037
CHARLOTTE-FL,52724
CITRUS-FL,45689
CLAY-FL,68657
COLLIER-FL,70217
COLUMBIA-FL,44818
DESOTO-FL,36360
DIXIE-FL,41674
DUVAL-FL,56769
ESCAMBIA-FL,53023
FLAGLER-FL,57536
FRANKLIN-FL,48814
GADSDEN-FL,41135
GILCHRIST-FL,47381
GLADES-FL,39709
GULF-FL,50640
HAMILTON-FL,38300
HARDEE-FL,40165
HENDRY-FL,36978
HERNANDO-FL,50280
HIGHLANDS-FL,43708
HILLSBOROUGH-FL,60566
HOLMES-FL,39215
INDIAN RIVER-FL,57945
JACKSON-FL,40754
JEFFERSON-FL,49081
LAFAYETTE-FL,51734
LAKE-FL,55792
LEE-FL,59608
LEON-FL,54675
LEVY-FL,38951
LIBERTY-FL,39121
MADISON-FL,35240
MANATEE-FL,59963
MARION-FL,46587
MARTIN-FL,65821
MIAMI-DADE-FL,53975
MONROE-FL,72012
NASSAU-FL,72998
OKALOOSA-FL,64373
OKEECHOBEE-FL,46097
ORANGE-FL,61416
OSCEOLA-FL,55538
PALM BEACH-FL,65015
PASCO-FL,53431
PINELLAS-FL,56419
POLK-FL,51535
PUTNAM-FL,40068
ST. JOHNS-FL,83803
ST. LUCIE-FL,55237
SANTA ROSA-FL,70663
SARASOTA-FL,64644
SEMINOLE-FL,70297
SUMTER-FL,59618
SUWANNEE-FL,46280
TAYLOR-FL,38295
UNION-FL,55139
VOLUSIA-FL,52407
WAKULLA-FL,67480
WALTON-FL,67390
WASHINGTON-FL,37260
APPLING-GA,37924
ATKINSON-GA,35703
BACON-GA,36692
BAKER-GA,34034
BALDWIN-GA,46250
BANKS-GA,50912
BARROW-GA,62990
BARTOW-GA,61226
BEN HILL-GA,32077
BERRIEN-GA,42089
BIBB-GA,41317
BLECKLEY-GA,46992
BRANTLEY-GA,34679
BROOKS-GA,37516
BRYAN-GA,76121
BULLOCH-GA,48786
BURKE-GA,45699
BUTTS-GA,48282
CALHOUN-GA,41962
CAMDEN-GA,60594
CANDLER-GA,36955
CARROLL-GA,59197
CATOOSA-GA,58932
CHARLTON-GA,42743
CHATHAM-GA,57739
CHATTAHOOCHEE-GA,45700
CHATTOOGA-GA,37351
CHEROKEE-GA,84817
CLARKE-GA,40363
CLAY-GA,32434
CLAYTON-GA,49460
CLINCH-GA,38844
COBB-GA,80830
COFFEE-GA,42526
COLQUITT-GA,36799
COLUMBIA-GA,82251
COOK-GA,40943
COWETA-GA,79795
CRAWFORD-GA,47917
CRISP-GA,38272
DADE-GA,40384
DAWSON-GA,72260
DECATUR-GA,40567
DEKALB-GA,65116
DODGE-GA,42211
DOOLY-GA,48039
DOUGHERTY-GA,40947
DOUGLAS-GA,67651
EARLY-GA,34811
ECHOLS-GA,44454
EFFINGHAM-GA,67050
ELBERT-GA,39323
EMANUEL-GA,38423
EVANS-GA,46392
FANNIN-GA,46028
FAYETTE-GA,93777
FLOYD-GA,50657
FORSYTH-GA,112834
FRANKLIN-GA,47821
FULTON-GA,72741
GILMER-GA,57376
GLASCOCK-GA,46500
GLYNN-GA,56952
GORDON-GA,48662
GRADY-GA,48047
GREENE-GA,57880
GWINNETT-GA,72787
HABERSHAM-GA,54147
HALL-GA,63651
HANCOCK-GA,32914
HARALSON-GA,52021
HARRIS-GA,79860
HART-GA,45874
HEARD-GA,50583
HENRY-GA,71110
HOUSTON-GA,65870
IRWIN-GA,41484
JACKSON-GA,68307
JASPER-GA,52409
JEFF DAVIS-GA,36987
JEFFERSON-GA,37009
JENKINS-GA,25712
JOHNSON-GA,42421
JONES-GA,63046
LAMAR-GA,50088
LANIER-GA,32158
LAURENS-GA,39476
LEE-GA,68338
LIBERTY-GA,50411
LINCOLN-GA,42036
LONG-GA,52099
LOWNDES-GA,46113
LUMPKIN-GA,52872
MCDUFFIE-GA,47327
MCINTOSH-GA,56262
MACON-GA,31910
MADISON-GA,51142
MARION-GA,52450
MERIWETHER-GA,40769
MILLER-GA,49771
MITCHELL-GA,39404
MONROE-GA,60491
MONTGOMERY-GA,45230
MORGAN-GA,68669
MURRAY-GA,51133
MUSCOGEE-GA,47418
NEWTON-GA,59178
OCONEE-GA,95064
OGLETHORPE-GA,52816
PAULDING-GA,74154
PEACH-GA,50267
PICKENS-GA,68365
PIERCE-GA,48969
PIKE-GA,68138
POLK-GA,46846
PULASKI-GA,42213
PUTNAM-GA,52910
QUITMAN-GA,34394
RABUN-GA,44871
RANDOLPH-GA,29400
RICHMOND-GA,43882
ROCKDALE-GA,62505
SCHLEY-GA,49105
SCREVEN-GA,39852
SEMINOLE-GA,35286
SPALDING-GA,48970
STEPHENS-GA,46766
STEWART-GA,34028
SUMTER-GA,37174
TALBOT-GA,40020
TALIAFERRO-GA,37717
TATTNALL-GA,44053
TAYLOR-GA,28550
TELFAIR-GA,32764
TERRELL-GA,35335
THOMAS-GA,47133
TIFT-GA,44827
TOOMBS-GA,41244
TOWNS-GA,51257
TREUTLEN-GA,32072
TROUP-GA,46796
TURNER-GA,34514
TWIGGS-GA,43477
UNION-GA,49703
UPSON-GA,39221
WALKER-GA,46601
WALTON-GA,65491
WARE-GA,37041
WARREN-GA,38250
WASHINGTON-GA,36402
WAYNE-GA,45773
WEBSTER-GA,31629
WHEELER-GA,28864
WHITE-GA,55788
WHITFIELD-GA,50055
WILCOX-GA,39216
WILKES-GA,36486
WILKINSON-GA,36896
WORTH-GA,50913
HAWAII-HI,65401
HONOLULU-HI,87722
KALAWAO-HI,76465
KAUAI-HI,82818
MAUI-HI,84363
ADA-ID,69952
ADAMS-ID,50309
BANNOCK-ID,51977
BEAR LAKE-ID,52829
BENEWAH-ID,47983
BINGHAM-ID,58260
BLAINE-ID,64627
BOISE-ID,51760
BONNER-ID,51594
BONNEVILLE-ID,61435
BOUNDARY-ID,45319
BUTTE-ID,37404
CAMAS-ID,36908
CANYON-ID,56916
CARIBOU-ID,58099
CASSIA-ID,52256
CLARK-ID,36429
CLEARWATER-ID,42413
CUSTER-ID,44757
ELMORE-ID,45656
FRANKLIN-ID,59934
FREMONT-ID,56825
GEM-ID,53720
GOODING-ID,50057
IDAHO-ID,44951
JEFFERSON-ID,65577
JEROME-ID,55521
KOOTENAI-ID,60903
LATAH-ID,51312
LEMHI-ID,38819
LEWIS-ID,42370
LINCOLN-ID,52363
MADISON-ID,44419
MINIDOKA-ID,53011
NEZ PERCE-ID,57099
ONEIDA-ID,54484
OWYHEE-ID,48601
PAYETTE-ID,52788
POWER-ID,51014
SHOSHONE-ID,40483
TETON-ID,73274
TWIN FALLS-ID,53363
VALLEY-ID,63115
WASHINGTON-ID,42126
ADAMS-IL,55052
ALEXANDER-IL,34709
BOND-IL,53568
BOONE-IL,70396
BROWN-IL,60694
BUREAU-IL,55549
CALHOUN-IL,66602
CARROLL-IL,52813
CASS-IL,53899
CHAMPAIGN-IL,53936
CHRISTIAN-IL,52120
CLARK-IL,59481
CLAY-IL,52167
CLINTON-IL,67179
COLES-IL,46411
COOK-IL,67886
CRAWFORD-IL,50968
CUMBERLAND-IL,59271
DEKALB-IL,62353
DE WITT-IL,57727
DOUGLAS-IL,59620
DUPAGE-IL,94930
EDGAR-IL,48543
EDWARDS-IL,53801
EFFINGHAM-IL,59932
FAYETTE-IL,45634
FORD-IL,50582
FRANKLIN-IL,43671
FULTON-IL,52243
GALLATIN-IL,43092
GREENE-IL,51746
GRUNDY-IL,75767
HAMILTON-IL,55977
HANCOCK-IL,55818
HARDIN-IL,50847
HENDERSON-IL,55759
HENRY-IL,60000
IROQUOIS-IL,54445
JACKSON-IL,39689
JASPER-IL,55911
JEFFERSON-IL,51662
JERSEY-IL,67845
JO DAVIESS-IL,59223
JOHNSON-IL,55363
KANE-IL,83374
KANKAKEE-IL,59370
KENDALL-IL,96854
KNOX-IL,44464
LAKE-IL,92654
LASALLE-IL,60069
LAWRENCE-IL,53087
LEE-IL,59986
LIVINGSTON-IL,58676
LOGAN-IL,58122
MCDONOUGH-IL,43591
MCHENRY-IL,90014
MCLEAN-IL,68037
MACON-IL,53725
MACOUPIN-IL,56264
MADISON-IL,64045
MARION-IL,49925
MARSHALL-IL,57303
MASON-IL,50883
MASSAC-IL,51195
MENARD-IL,77550
MERCER-IL,57182
MONROE-IL,89648
MONTGOMERY-IL,54886
MORGAN-IL,53002
MOULTRIE-IL,64033
OGLE-IL,63643
PEORIA-IL,55729
PERRY-IL,51616
PIATT-IL,73668
PIKE-IL,46605
POPE-IL,43140
PULASKI-IL,37308
PUTNAM-IL,64694
RANDOLPH-IL,55319
RICHLAND-IL,55032
ROCK ISLAND-IL,55980
ST. CLAIR-IL,57473
SALINE-IL,43928
SANGAMON-IL,61743
SCHUYLER-IL,51376
SCOTT-IL,59352
SHELBY-IL,59134
STARK-IL,53828
STEPHENSON-IL,50466
TAZEWELL-IL,66220
UNION-IL,51655
VERMILION-IL,46842
WABASH-IL,48878
WARREN-IL,54291
WASHINGTON-IL,64390
WAYNE-IL,50205
WHITE-IL,48303
WHITESIDE-IL,57172
WILL-IL,90800
WILLIAMSON-IL,52076
WINNEBAGO-IL,55310
WOODFORD-IL,74777
ADAMS-IN,52712
ALLEN-IN,57104
BARTHOLOMEW-IN,66978
BENTON-IN,52656
BLACKFORD-IN,44341
BOONE-IN,89444
BROWN-IN,66833
CARROLL-IN,56159
CASS-IN,49020
CLARK-IN,57111
CLAY-IN,59398
CLINTON-IN,53750
CRAWFORD-IN,41761
DAVIESS-IN,53800
DEARBORN-IN,70779
DECATUR-IN,60794
DEKALB-IN,58415
DELAWARE-IN,45910
DUBOIS-IN,62846
ELKHART-IN,58509
FAYETTE-IN,47465
FLOYD-IN,67603
FOUNTAIN-IN,52334
FRANKLIN-IN,68180
FULTON-IN,50597
GIBSON-IN,56638
GRANT-IN,46900
GREENE-IN,51777
HAMILTON-IN,98880
HANCOCK-IN,75647
HARRISON-IN,59169
HENDRICKS-IN,84754
HENRY-IN,51104
HOWARD-IN,56387
HUNTINGTON-IN,54286
JACKSON-IN,55097
JASPER-IN,61889
JAY-IN,45864
JEFFERSON-IN,51981
JENNINGS-IN,61610
JOHNSON-IN,72928
KNOX-IN,47394
KOSCIUSKO-IN,62789
LAGRANGE-IN,69331
LAKE-IN,57530
LAPORTE-IN,57010
LAWRENCE-IN,57740
MADISON-IN,51476
MARION-IN,51219
MARSHALL-IN,54207
MARTIN-IN,55378
MIAMI-IN,50616
MONROE-IN,52229
MONTGOMERY-IN,56408
MORGAN-IN,67680
NEWTON-IN,57866
NOBLE-IN,58947
OHIO-IN,63649
ORANGE-IN,52164
OWEN-IN,52204
PARKE-IN,55853
PERRY-IN,51496
PIKE-IN,55022
PORTER-IN,72255
POSEY-IN,64983
PULASKI-IN,49140
PUTNAM-IN,61505
RANDOLPH-IN,53322
RIPLEY-IN,60055
RUSH-IN,56814
ST. JOSEPH-IN,54433
SCOTT-IN,45123
SHELBY-IN,59712
SPENCER-IN,56919
STARKE-IN,49705
STEUBEN-IN,58905
SULLIVAN-IN,49449
SWITZERLAND-IN,51270
TIPPECANOE-IN,51926
TIPTON-IN,68707
UNION-IN,55278
VANDERBURGH-IN,51179
VERMILLION-IN,54361
VIGO-IN,47261
WABASH-IN,56573
WARREN-IN,65614
WARRICK-IN,79079
WASHINGTON-IN,50459
WAYNE-IN,47756
WELLS-IN,57565
WHITE-IN,53865
WHITLEY-IN,64992
ADAIR-IA,55700
ADAMS-IA,52287
ALLAMAKEE-IA,55523
APPANOOSE-IA,39693
AUDUBON-IA,49245
BENTON-IA,66046
BLACK HAWK-IA,54774
BOONE-IA,67442
BREMER-IA,72209
BUCHANAN-IA,67252
BUENA VISTA-IA,54014
BUTLER-IA,56473
CALHOUN-IA,55285
CARROLL-IA,59198
CASS-IA,52005
CEDAR-IA,69259
CERRO GORDO-IA,56082
CHEROKEE-IA,56302
CHICKASAW-IA,61239
CLARKE-IA,55078
CLAY-IA,51259
CLAYTON-IA,56456
CLINTON-IA,52221
CRAWFORD-IA,54849
DALLAS-IA,88368
DAVIS-IA,67627
DECATUR-IA,48154
DELAWARE-IA,63877
DES MOINES-IA,51784
DICKINSON-IA,60975
DUBUQUE-IA,64493
EMMET-IA,56708
FAYETTE-IA,49834
FLOYD-IA,51768
FRANKLIN-IA,55630
FREMONT-IA,59688
GREENE-IA,51098
GRUNDY-IA,71760
GUTHRIE-IA,62644
HAMILTON-IA,60248
HANCOCK-IA,61957
HARDIN-IA,54930
HARRISON-IA,64154
HENRY-IA,54490
HOWARD-IA,56709
HUMBOLDT-IA,55707
IDA-IA,54219
IOWA-IA,62660
JACKSON-IA,59042
JASPER-IA,59481
JEFFERSON-IA,47401
JOHNSON-IA,63062
JONES-IA,57134
KEOKUK-IA,52012
KOSSUTH-IA,56156
LEE-IA,52072
LINN-IA,67301
LOUISA-IA,63034
LUCAS-IA,53967
LYON-IA,65959
MADISON-IA,71811
MAHASKA-IA,56417
MARION-IA,64136
MARSHALL-IA,58735
MILLS-IA,75137
MITCHELL-IA,60260
MONONA-IA,51866
MONROE-IA,59489
MONTGOMERY-IA,55761
MUSCATINE-IA,60435
O'BRIEN-IA,57200
OSCEOLA-IA,61167
PAGE-IA,51196
PALO ALTO-IA,56437
PLYMOUTH-IA,71147
POCAHONTAS-IA,53573
POLK-IA,69747
POTTAWATTAMIE-IA,59901
POWESHIEK-IA,53925
RINGGOLD-IA,55970
SAC-IA,57446
SCOTT-IA,63876
SHELBY-IA,60139
SIOUX-IA,73260
STORY-IA,58302
TAMA-IA,54749
TAYLOR-IA,57768
UNION-IA,50375
VAN BUREN-IA,49898
WAPELLO-IA,46433
WARREN-IA,80309
WASHINGTON-IA,63532
WAYNE-IA,47543
WEBSTER-IA,51909
WINNEBAGO-IA,51581
WINNESHIEK-IA,63162
WOODBURY-IA,60768
WORTH-IA,60442
WRIGHT-IA,51221
ALLEN-KS,47983
ANDERSON-KS,52995
ATCHISON-KS,50683
BARBER-KS,49668
BARTON-KS,48863
BOURBON-KS,46369
BROWN-KS,50649
BUTLER-KS,66405
CHASE-KS,48906
CHAUTAUQUA-KS,39500
CHEROKEE-KS,41936
CHEYENNE-KS,42802
CLARK-KS,52500
CLAY-KS,47880
CLOUD-KS,48295
COFFEY-KS,59405
COMANCHE-KS,48125
COWLEY-KS,50786
CRAWFORD-KS,42615
DECATUR-KS,44125
DICKINSON-KS,53864
DONIPHAN-KS,51953
DOUGLAS-KS,61020
EDWARDS-KS,50028
ELK-KS,42564
ELLIS-KS,57053
ELLSWORTH-KS,56306
FINNEY-KS,60498
FORD-KS,53743
FRANKLIN-KS,55873
GEARY-KS,52019
GOVE-KS,53906
GRAHAM-KS,40890
GRANT-KS,60625
GRAY-KS,70457
GREELEY-KS,53750
GREENWOOD-KS,43320
HAMILTON-KS,44894
HARPER-KS,49283
HARVEY-KS,58782
HASKELL-KS,54638
HODGEMAN-KS,60703
JACKSON-KS,59686
JEFFERSON-KS,67429
JEWELL-KS,38188
JOHNSON-KS,91650
KEARNY-KS,46464
KINGMAN-KS,57304
KIOWA-KS,53107
LABETTE-KS,47922
LANE-KS,41318
LEAVENWORTH-KS,76307
LINCOLN-KS,46523
LINN-KS,48325
LOGAN-KS,51136
LYON-KS,50141
MCPHERSON-KS,59928
MARION-KS,50816
MARSHALL-KS,52293
MEADE-KS,56817
MIAMI-KS,75635
MITCHELL-KS,47375
MONTGOMERY-KS,45288
MORRIS-KS,52792
MORTON-KS,41866
NEMAHA-KS,61382
NEOSHO-KS,49493
NESS-KS,57222
NORTON-KS,48486
OSAGE-KS,58927
OSBORNE-KS,50774
OTTAWA-KS,59607
PAWNEE-KS,46559
PHILLIPS-KS,51820
POTTAWATOMIE-KS,70064
PRATT-KS,54644
RAWLINS-KS,57281
RENO-KS,51520
REPUBLIC-KS,50411
RICE-KS,49688
RILEY-KS,51098
ROOKS-KS,51362
RUSH-KS,46333
RUSSELL-KS,50630
SALINE-KS,51830
SCOTT-KS,55625
SEDGWICK-KS,57540
SEWARD-KS,49395
SHAWNEE-KS,58652
SHERIDAN-KS,62105
SHERMAN-KS,57005
SMITH-KS,42098
STAFFORD-KS,51857
STANTON-KS,57741
STEVENS-KS,59044
SUMNER-KS,53578
THOMAS-KS,68313
TREGO-KS,59420
WABAUNSEE-KS,65742
WALLACE-KS,49632
WASHINGTON-KS,52172
WICHITA-KS,58299
WILSON-KS,49682
WOODSON-KS,42692
WYANDOTTE-KS,48093
ADAIR-KY,43026
ALLEN-KY,44180
ANDERSON-KY,54413
BALLARD-KY,45517
BARREN-KY,41674
BATH-KY,44893
BELL-KY,28442
BOONE-KY,82838
BOURBON-KY,47024
BOYD-KY,51019
BOYLE-KY,51562
BRACKEN-KY,60053
BREATHITT-KY,29538
BRECKINRIDGE-KY,47236
BULLITT-KY,65531
BUTLER-KY,45955
CALDWELL-KY,48281
CALLOWAY-KY,41841
CAMPBELL-KY,63152
CARLISLE-KY,41222
CARROLL-KY,41014
CARTER-KY,39492
CASEY-KY,33004
CHRISTIAN-KY,44279
CLARK-KY,54871
CLAY-KY,27479
CLINTON-KY,33092
CRITTENDEN-KY,46354
CUMBERLAND-KY,35030
DAVIESS-KY,54881
EDMONSON-KY,44229
ELLIOTT-KY,36950
ESTILL-KY,32800
FAYETTE-KY,58954
FLEMING-KY,42087
FLOYD-KY,35096
FRANKLIN-KY,59056
FULTON-KY,31587
GALLATIN-KY,55113
GARRARD-KY,55369
GRANT-KY,56746
GRAVES-KY,45614
GRAYSON-KY,38262
GREEN-KY,33846
GREENUP-KY,52337
HANCOCK-KY,56265
HARDIN-KY,57101
HARLAN-KY,28261
HARRISON-KY,50270
HART-KY,39834
HENDERSON-KY,50471
HENRY-KY,52550
HICKMAN-KY,44063
HOPKINS-KY,47014
JACKSON-KY,31515
JEFFERSON-KY,58196
JESSAMINE-KY,64855
JOHNSON-KY,38333
KENTON-KY,66541
KNOTT-KY,32531
KNOX-KY,30257
LARUE-KY,48495
LAUREL-KY,43745
LAWRENCE-KY,32856
LEE-KY,24699
LESLIE-KY,36038
LETCHER-KY,33181
LEWIS-KY,29844
LINCOLN-KY,42231
LIVINGSTON-KY,52795
LOGAN-KY,48912
LYON-KY,49286
MCCRACKEN-KY,47011
MCCREARY-KY,29499
MCLEAN-KY,54181
MADISON-KY,51649
MAGOFFIN-KY,27807
MARION-KY,43587
MARSHALL-KY,57348
MARTIN-KY,42894
MASON-KY,46241
MEADE-KY,61500
MENIFEE-KY,46746
MERCER-KY,52312
METCALFE-KY,40391
MONROE-KY,35078
MONTGOMERY-KY,46998
MORGAN-KY,37399
MUHLENBERG-KY,45937
NELSON-KY,63032
NICHOLAS-KY,47665
OHIO-KY,45773
OLDHAM-KY,103761
OWEN-KY,50553
OWSLEY-KY,29406
PENDLETON-KY,56000
PERRY-KY,39594
PIKE-KY,34700
POWELL-KY,41071
PULASKI-KY,40658
ROBERTSON-KY,53074
ROCKCASTLE-KY,38744
ROWAN-KY,42754
RUSSELL-KY,41731
SCOTT-KY,71750
SHELBY-KY,72564
SIMPSON-KY,50159
SPENCER-KY,85488
TAYLOR-KY,50266
TODD-KY,47229
TRIGG-KY,50980
TRIMBLE-KY,57589
UNION-KY,49812
WARREN-KY,54325
WASHINGTON-KY,55321
WAYNE-KY,37678
WEBSTER-KY,44540
WHITLEY-KY,39258
WOLFE-KY,22292
WOODFORD-KY,66442
ACADIA PARISH-LA,44412
ALLEN PARISH-LA,48328
ASCENSION PARISH-LA,82594
ASSUMPTION PARISH-LA,44742
AVOYELLES PARISH-LA,35530
BEAUREGARD PARISH-LA,49256
BIENVILLE PARISH-LA,27815
BOSSIER PARISH-LA,55448
CADDO PARISH-LA,42003
CALCASIEU PARISH-LA,52866
CALDWELL PARISH-LA,40690
CAMERON PARISH-LA,56902
CATAHOULA PARISH-LA,40973
CLAIBORNE PARISH-LA,26849
CONCORDIA PARISH-LA,36294
DE SOTO PARISH-LA,44436
EAST BATON ROUGE PARISH-LA,56076
EAST CARROLL PARISH-LA,24551
EAST FELICIANA PARISH-LA,54187
EVANGELINE PARISH-LA,31427
FRANKLIN PARISH-LA,35759
GRANT PARISH-LA,51449
IBERIA PARISH-LA,50602
IBERVILLE PARISH-LA,49539
JACKSON PARISH-LA,41760
JEFFERSON PARISH-LA,54825
JEFFERSON DAVIS PARISH-LA,42716
LAFAYETTE PARISH-LA,58761
LAFOURCHE PARISH-LA,54530
LASALLE PARISH-LA,51141
LINCOLN PARISH-LA,36496
LIVINGSTON PARISH-LA,67365
MADISON PARISH-LA,32585
MOREHOUSE PARISH-LA,33780
NATCHITOCHES PARISH-LA,30625
ORLEANS PARISH-LA,43258
OUACHITA PARISH-LA,44934
PLAQUEMINES PARISH-LA,65234
POINTE COUPEE PARISH-LA,44201
RAPIDES PARISH-LA,48013
RED RIVER PARISH-LA,33817
RICHLAND PARISH-LA,40491
SABINE PARISH-LA,39755
ST. BERNARD PARISH-LA,47873
ST. CHARLES PARISH-LA,68113
ST. HELENA PARISH-LA,45063
ST. JAMES PARISH-LA,53209
ST. JOHN THE BAPTIST PARISH-LA,55429
ST. LANDRY PARISH-LA,40859
ST. MARTIN PARISH-LA,48884
ST. MARY PARISH-LA,40218
ST. TAMMANY PARISH-LA,70730
TANGIPAHOA PARISH-LA,48745
TENSAS PARISH-LA,29767
TERREBONNE PARISH-LA,52224
UNION PARISH-LA,45094
VERMILION PARISH-LA,52219
VERNON PARISH-LA,50267
WASHINGTON PARISH-LA,39185
WEBSTER PARISH-LA,30324
WEST BATON ROUGE PARISH-LA,67813
WEST CARROLL PARISH-LA,42545
WEST FELICIANA PARISH-LA,59688
WINN PARISH-LA,37764
ANDROSCOGGIN-ME,55002
AROOSTOOK-ME,43791
CUMBERLAND-ME,76014
FRANKLIN-ME,51630
HANCOCK-ME,58345
KENNEBEC-ME,55368
KNOX-ME,57794
LINCOLN-ME,58125
OXFORD-ME,49761
PENOBSCOT-ME,52128
PISCATAQUIS-ME,42083
SAGADAHOC-ME,68039
SOMERSET-ME,45382
WALDO-ME,58034
WASHINGTON-ME,44847
YORK-ME,68932
ALLEGANY-MD,49449
ANNE ARUNDEL-MD,103225
BALTIMORE-MD,78724
CALVERT-MD,112696
CAROLINE-MD,59042
CARROLL-MD,99569
CECIL-MD,79415
CHARLES-MD,103678
DORCHESTER-MD,52799
FREDERICK-MD,100685
GARRETT-MD,54542
HARFORD-MD,94003
HOWARD-MD,124042
KENT-MD,60208
MONTGOMERY-MD,111812
PRINCE GEORGE'S-MD,86994
QUEEN ANNE'S-MD,96467
ST. MARY'S-MD,95864
SOMERSET-MD,44980
TALBOT-MD,73102
WASHINGTON-MD,63510
WICOMICO-MD,60366
WORCESTER-MD,65396
BALTIMORE CITY-MD,52164
BARNSTABLE-MA,76863
BERKSHIRE-MA,62166
BRISTOL-MA,71450
DUKES-MA,77318
ESSEX-MA,82225
FRANKLIN-MA,61198
HAMPDEN-MA,57623
HAMPSHIRE-MA,73518
MIDDLESEX-MA,106202
NANTUCKET-MA,112306
NORFOLK-MA,105320
PLYMOUTH-MA,92906
SUFFOLK-MA,74881
WORCESTER-MA,77155
ALCONA-MI,43341
ALGER-MI,45184
ALLEGAN-MI,65071
ALPENA-MI,42603
ANTRIM-MI,57256
ARENAC-MI,45679
BARAGA-MI,46581
BARRY-MI,65557
BAY-MI,48290
BENZIE-MI,64257
BERRIEN-MI,52500
BRANCH-MI,52782
CALHOUN-MI,50219
CASS-MI,57514
CHARLEVOIX-MI,60433
CHEBOYGAN-MI,49624
CHIPPEWA-MI,50454
CLARE-MI,41163
CLINTON-MI,72490
CRAWFORD-MI,49987
DELTA-MI,47008
DICKINSON-MI,51704
EATON-MI,67440
EMMET-MI,55947
GENESEE-MI,50269
GLADWIN-MI,45957
GOGEBIC-MI,38625
GRAND TRAVERSE-MI,66457
GRATIOT-MI,49795
HILLSDALE-MI,51535
HOUGHTON-MI,44839
HURON-MI,49541
INGHAM-MI,55253
IONIA-MI,60139
IOSCO-MI,42628
IRON-MI,44183
ISABELLA-MI,46783
JACKSON-MI,54511
KALAMAZOO-MI,58836
KALKASKA-MI,49402
KENT-MI,65722
KEWEENAW-MI,51750
LAKE-MI,38356
LAPEER-MI,65197
LEELANAU-MI,67330
LENAWEE-MI,57314
LIVINGSTON-MI,84274
LUCE-MI,50000
MACKINAC-MI,50058
MACOMB-MI,64641
MANISTEE-MI,51658
MARQUETTE-MI,54585
MASON-MI,51568
MECOSTA-MI,45797
MENOMINEE-MI,48548
MIDLAND-MI,64078
MISSAUKEE-MI,47370
MONROE-MI,65453
MONTCALM-MI,52390
MONTMORENCY-MI,42160
MUSKEGON-MI,53478
NEWAYGO-MI,51470
OAKLAND-MI,81587
OCEANA-MI,51161
OGEMAW-MI,41752
ONTONAGON-MI,41776
OSCEOLA-MI,46969
OSCODA-MI,43457
OTSEGO-MI,55917
OTTAWA-MI,72418
PRESQUE ISLE-MI,48734
ROSCOMMON-MI,41828
SAGINAW-MI,49565
ST. CLAIR-MI,58722
ST. JOSEPH-MI,53253
SANILAC-MI,49852
SCHOOLCRAFT-MI,48443
SHIAWASSEE-MI,56436
TUSCOLA-MI,51891
VAN BUREN-MI,56652
WASHTENAW-MI,75730
WAYNE-MI,49359
WEXFORD-MI,50335
AITKIN-MN,49086
ANOKA-MN,84379
BECKER-MN,60508
BELTRAMI-MN,50525
BENTON-MN,60564
BIG STONE-MN,55909
BLUE EARTH-MN,61058
BROWN-MN,59804
CARLTON-MN,66201
CARVER-MN,104011
CASS-MN,53845
CHIPPEWA-MN,57301
CHISAGO-MN,86900
CLAY-MN,66069
CLEARWATER-MN,51742
COOK-MN,59537
COTTONWOOD-MN,51067
CROW WING-MN,57779
DAKOTA-MN,88468
DODGE-MN,79020
DOUGLAS-MN,65430
FARIBAULT-MN,53963
FILLMORE-MN,64375
FREEBORN-MN,54628
GOODHUE-MN,69334
GRANT-MN,59246
HENNEPIN-MN,81169
HOUSTON-MN,59514
HUBBARD-MN,58475
ISANTI-MN,76999
ITASCA-MN,55744
JACKSON-MN,62479
KANABEC-MN,57877
KANDIYOHI-MN,64252
KITTSON-MN,55410
KOOCHICHING-MN,52297
LAC QUI PARLE-MN,57802
LAKE-MN,65201
LAKE OF THE WOODS-MN,50669
LE SUEUR-MN,75925
LINCOLN-MN,53557
LYON-MN,57274
MCLEOD-MN,62885
MAHNOMEN-MN,45398
MARSHALL-MN,60951
MARTIN-MN,53851
MEEKER-MN,63841
MILLE LACS-MN,57173
MORRISON-MN,58826
MOWER-MN,55378
MURRAY-MN,62839
NICOLLET-MN,69174
NOBLES-MN,56000
NORMAN-MN,56081
OLMSTED-MN,80403
OTTER TAIL-MN,59456
PENNINGTON-MN,60940
PINE-MN,55606
PIPESTONE-MN,53688
POLK-MN,58682
POPE-MN,62878
RAMSEY-MN,67238
RED LAKE-MN,59698
REDWOOD-MN,57243
RENVILLE-MN,58542
RICE-MN,70600
ROCK-MN,65744
ROSEAU-MN,62304
ST. LOUIS-MN,57480
SCOTT-MN,103261
SHERBURNE-MN,88671
SIBLEY-MN,64170
STEARNS-MN,65244
STEELE-MN,68172
STEVENS-MN,65503
SWIFT-MN,53457
TODD-MN,54502
TRAVERSE-MN,51216
WABASHA-MN,67906
WADENA-MN,46178
WASECA-MN,60450
WASHINGTON-MN,97584
WATONWAN-MN,53304
WILKIN-MN,56829
WINONA-MN,60020
WRIGHT-MN,87772
YELLOW MEDICINE-MN,59289
ADAMS-MS,30633
ALCORN-MS,40938
AMITE-MS,30805
ATTALA-MS,35631
BENTON-MS,39758
BOLIVAR-MS,32412
CALHOUN-MS,40345
CARROLL-MS,46729
CHICKASAW-MS,35592
CHOCTAW-MS,36648
CLAIBORNE-MS,32268
CLARKE-MS,38631
CLAY-MS,33209
COAHOMA-MS,30761
COPIAH-MS,44252
COVINGTON-MS,32917
DESOTO-MS,69990
FORREST-MS,42298
FRANKLIN-MS,39066
GEORGE-MS,47044
GREENE-MS,47033
GRENADA-MS,39952
HANCOCK-MS,54860
HARRISON-MS,48547
HINDS-MS,45380
HOLMES-MS,24074
HUMPHREYS-MS,28628
ISSAQUENA-MS,28333
ITAWAMBA-MS,47649
JACKSON-MS,53726
JASPER-MS,37877
JEFFERSON-MS,29524
JEFFERSON DAVIS-MS,32214
JONES-MS,43391
KEMPER-MS,30735
LAFAYETTE-MS,53318
LAMAR-MS,61649
LAUDERDALE-MS,42922
LAWRENCE-MS,36239
LEAKE-MS,36708
LEE-MS,55861
LEFLORE-MS,30077
LINCOLN-MS,41355
LOWNDES-MS,48170
MADISON-MS,71621
MARION-MS,31629
MARSHALL-MS,43411
MONROE-MS,45018
MONTGOMERY-MS,38022
NESHOBA-MS,40750
NEWTON-MS,42176
NOXUBEE-MS,36958
OKTIBBEHA-MS,39490
PANOLA-MS,37232
PEARL RIVER-MS,51538
PERRY-MS,47173
PIKE-MS,32726
PONTOTOC-MS,48980
PRENTISS-MS,40163
QUITMAN-MS,24233
RANKIN-MS,68310
SCOTT-MS,39971
SHARKEY-MS,35711
SIMPSON-MS,43403
SMITH-MS,44714
STONE-MS,47683
SUNFLOWER-MS,31515
TALLAHATCHIE-MS,30433
TATE-MS,55738
TIPPAH-MS,37894
TISHOMINGO-MS,38302
TUNICA-MS,34485
UNION-MS,47317
WALTHALL-MS,33566
WARREN-MS,46909
WASHINGTON-MS,32011
WAYNE-MS,33612
WEBSTER-MS,52382
WILKINSON-MS,30760
WINSTON-MS,38986
YALOBUSHA-MS,41440
YAZOO-MS,32729
ADAIR-MO,42301
ANDREW-MO,58911
ATCHISON-MO,51625
AUDRAIN-MO,44699
BARRY-MO,45811
BARTON-MO,44510
BATES-MO,46733
BENTON-MO,41751
BOLLINGER-MO,45140
BOONE-MO,58740
BUCHANAN-MO,51933
BUTLER-MO,42227
CALDWELL-MO,51451
CALLAWAY-MO,59835
CAMDEN-MO,53520
CAPE GIRARDEAU-MO,53776
CARROLL-MO,51414
CARTER-MO,42403
CASS-MO,72522
CEDAR-MO,39408
CHARITON-MO,51545
CHRISTIAN-MO,64442
CLARK-MO,45842
CLAY-MO,72047
CLINTON-MO,62213
COLE-MO,61184
COOPER-MO,53003
CRAWFORD-MO,44380
DADE-MO,42117
DALLAS-MO,40404
DAVIESS-MO,52143
DEKALB-MO,58433
DENT-MO,42714
DOUGLAS-MO,43714
DUNKLIN-MO,38020
FRANKLIN-MO,60129
GASCONADE-MO,56380
GENTRY-MO,46774
GREENE-MO,47053
GRUNDY-MO,46885
HARRISON-MO,40615
HENRY-MO,47500
HICKORY-MO,33342
HOLT-MO,46442
HOWARD-MO,55000
HOWELL-MO,39482
IRON-MO,40082
JACKSON-MO,56960
JASPER-MO,49155
JEFFERSON-MO,67606
JOHNSON-MO,56440
KNOX-MO,37588
LACLEDE-MO,46582
LAFAYETTE-MO,62076
LAWRENCE-MO,44060
LEWIS-MO,45118
LINCOLN-MO,70424
LINN-MO,51150
LIVINGSTON-MO,50818
MCDONALD-MO,42876
MACON-MO,44696
MADISON-MO,47984
MARIES-MO,48276
MARION-MO,54277
MERCER-MO,50030
MILLER-MO,47964
MISSISSIPPI-MO,34354
MONITEAU-MO,57012
MONROE-MO,43422
MONTGOMERY-MO,52123
MORGAN-MO,41477
NEW MADRID-MO,40129
NEWTON-MO,52067
NODAWAY-MO,46303
OREGON-MO,32766
OSAGE-MO,62087
OZARK-MO,33046
PEMISCOT-MO,34709
PERRY-MO,56861
PETTIS-MO,49315
PHELPS-MO,44987
PIKE-MO,44920
PLATTE-MO,82448
POLK-MO,47614
PULASKI-MO,58426
PUTNAM-MO,48833
RALLS-MO,54194
RANDOLPH-MO,50440
RAY-MO,65303
REYNOLDS-MO,39552
RIPLEY-MO,36066
ST. CHARLES-MO,87644
ST. CLAIR-MO,39000
STE. GENEVIEVE-MO,61746
ST. FRANCOIS-MO,46307
ST. LOUIS-MO,68661
SALINE-MO,47585
SCHUYLER-MO,44420
SCOTLAND-MO,47708
SCOTT-MO,46310
SHANNON-MO,36229
SHELBY-MO,43809
STODDARD-MO,42761
STONE-MO,51476
SULLIVAN-MO,44056
TANEY-MO,47860
TEXAS-MO,35758
VERNON-MO,43910
WARREN-MO,64735
WASHINGTON-MO,42849
WAYNE-MO,38018
WEBSTER-MO,55827
WORTH-MO,47500
WRIGHT-MO,36711
ST. LOUIS CITY-MO,45782
BEAVERHEAD-MT,45819
BIG HORN-MT,48273
BLAINE-MT,45361
BROADWATER-MT,57723
CARBON-MT,61209
CARTER-MT,42300
CASCADE-MT,52049
CHOUTEAU-MT,45707
CUSTER-MT,54891
DANIELS-MT,56026
DAWSON-MT,51681
DEER LODGE-MT,42129
FALLON-MT,69792
FERGUS-MT,47618
FLATHEAD-MT,57763
GALLATIN-MT,70124
GARFIELD-MT,43750
GLACIER-MT,37645
GOLDEN VALLEY-MT,49028
GRANITE-MT,50795
HILL-MT,50912
JEFFERSON-MT,71779
JUDITH BASIN-MT,50329
LAKE-MT,52169
LEWIS AND CLARK-MT,66062
LIBERTY-MT,46750
LINCOLN-MT,39820
MCCONE-MT,57045
MADISON-MT,55892
MEAGHER-MT,46815
MINERAL-MT,48672
MISSOULA-MT,56247
MUSSELSHELL-MT,46328
PARK-MT,53082
PETROLEUM-MT,40000
PHILLIPS-MT,46686
PONDERA-MT,54235
POWDER RIVER-MT,57755
POWELL-MT,50332
PRAIRIE-MT,42350
RAVALLI-MT,55090
RICHLAND-MT,64158
ROOSEVELT-MT,45458
ROSEBUD-MT,57769
SANDERS-MT,42284
SHERIDAN-MT,54135
SILVER BOW-MT,49359
STILLWATER-MT,67448
SWEET GRASS-MT,53790
TETON-MT,56649
TOOLE-MT,49725
TREASURE-MT,44671
VALLEY-MT,51087
WHEATLAND-MT,35265
WIBAUX-MT,50972
YELLOWSTONE-MT,62630
ADAMS-NE,56007
ANTELOPE-NE,52569
ARTHUR-NE,48500
BANNER-NE,53864
BLAINE-NE,55268
BOONE-NE,60094
BOX BUTTE-NE,61904
BOYD-NE,53846
BROWN-NE,41979
BUFFALO-NE,63513
BURT-NE,51961
BUTLER-NE,59232
CASS-NE,73683
CEDAR-NE,64703
CHASE-NE,56135
CHERRY-NE,55431
CHEYENNE-NE,52270
CLAY-NE,63686
COLFAX-NE,64269
CUMING-NE,59202
CUSTER-NE,53891
DAKOTA-NE,61227
DAWES-NE,49379
DAWSON-NE,56731
DEUEL-NE,48958
DIXON-NE,57243
DODGE-NE,58439
DOUGLAS-NE,66600
DUNDY-NE,49211
FILLMORE-NE,62151
FRANKLIN-NE,50231
FRONTIER-NE,59250
FURNAS-NE,53533
GAGE-NE,51812
GARDEN-NE,42076
GARFIELD-NE,54659
GOSPER-NE,65086
GRANT-NE,43625
GREELEY-NE,46830
HALL-NE,58595
HAMILTON-NE,68649
HARLAN-NE,51534
HAYES-NE,52396
HITCHCOCK-NE,46000
HOLT-NE,60214
HOOKER-NE,48654
HOWARD-NE,59432
JEFFERSON-NE,48981
JOHNSON-NE,49382
KEARNEY-NE,62899
KEITH-NE,52169
KEYA PAHA-NE,55250
KIMBALL-NE,48056
KNOX-NE,53653
LANCASTER-NE,62464
LINCOLN-NE,59995
LOGAN-NE,45990
LOUP-NE,46111
MCPHERSON-NE,51932
MADISON-NE,52334
MERRICK-NE,52254
MORRILL-NE,46903
NANCE-NE,53147
NEMAHA-NE,50236
NUCKOLLS-NE,52975
OTOE-NE,64755
PAWNEE-NE,46063
PERKINS-NE,61389
PHELPS-NE,58105
PIERCE-NE,57629
PLATTE-NE,60878
POLK-NE,59837
RED WILLOW-NE,48140
RICHARDSON-NE,44524
ROCK-NE,51458
SALINE-NE,52956
SARPY-NE,83051
SAUNDERS-NE,70414
SCOTTS BLUFF-NE,53433
SEWARD-NE,71111
SHERIDAN-NE,45543
SHERMAN-NE,53158
SIOUX-NE,47422
STANTON-NE,64808
THAYER-NE,53234
THOMAS-NE,59000
THURSTON-NE,55574
VALLEY-NE,56205
WASHINGTON-NE,71505
WAYNE-NE,58894
WEBSTER-NE,51684
WHEELER-NE,48438
YORK-NE,63105
CHURCHILL-NV,56335
CLARK-NV,61048
DOUGLAS-NV,71415
ELKO-NV,79375
ESMERALDA-NV,31845
EUREKA-NV,67478
HUMBOLDT-NV,66123
LANDER-NV,73797
LINCOLN-NV,56537
LYON-NV,58814
MINERAL-NV,31500
NYE-NV,47308
PERSHING-NV,57074
STOREY-NV,64000
WASHOE-NV,68272
WHITE PINE-NV,57353
CARSON CITY-NV,58305
BELKNAP-NH,67328
CARROLL-NH,66932
CHESHIRE-NH,64686
COOS-NH,48945
GRAFTON-NH,67476
HILLSBOROUGH-NH,82099
MERRIMACK-NH,77937
ROCKINGHAM-NH,93962
STRAFFORD-NH,72682
SULLIVAN-NH,63760
ATLANTIC-NJ,63680
BERGEN-NJ,104623
BURLINGTON-NJ,90329
CAMDEN-NJ,70957
CAPE MAY-NJ,72385
CUMBERLAND-NJ,55709
ESSEX-NJ,63959
GLOUCESTER-NJ,89056
HUDSON-NJ,75062
HUNTERDON-NJ,117858
MERCER-NJ,83306
MIDDLESEX-NJ,91731
MONMOUTH-NJ,103523
MORRIS-NJ,117298
OCEAN-NJ,72679
PASSAIC-NJ,73562
SALEM-NJ,64234
SOMERSET-NJ,116510
SUSSEX-NJ,96222
UNION-NJ,82644
WARREN-NJ,83497
BERNALILLO-NM,54308
CATRON-NM,36607
CHAVES-NM,46254
CIBOLA-NM,44731
COLFAX-NM,36937
CURRY-NM,48903
DE BACA-NM,31532
DOÃ‘A ANA-NM,44024
EDDY-NM,65000
GRANT-NM,37453
GUADALUPE-NM,31061
HARDING-NM,32500
HIDALGO-NM,44722
LEA-NM,61867
LINCOLN-NM,44939
LOS ALAMOS-NM,119266
LUNA-NM,32251
MCKINLEY-NM,36179
MORA-NM,29458
OTERO-NM,45032
QUAY-NM,33962
RIO ARRIBA-NM,42264
ROOSEVELT-NM,42917
SANDOVAL-NM,65071
SAN JUAN-NM,47643
SAN MIGUEL-NM,32310
SANTA FE-NM,60668
SIERRA-NM,33873
SOCORRO-NM,40297
TAOS-NM,41973
TORRANCE-NM,38240
UNION-NM,35484
VALENCIA-NM,50801
ALBANY-NY,68327
ALLEGANY-NY,51227
BRONX-NY,41895
BROOME-NY,52237
CATTARAUGUS-NY,50700
CAYUGA-NY,57985
CHAUTAUQUA-NY,48315
CHEMUNG-NY,54883
CHENANGO-NY,51756
CLINTON-NY,59510
COLUMBIA-NY,68750
CORTLAND-NY,59194
DELAWARE-NY,49945
DUTCHESS-NY,81842
ERIE-NY,59464
ESSEX-NY,58109
FRANKLIN-NY,52905
FULTON-NY,51663
GENESEE-NY,60635
GREENE-NY,56681
HAMILTON-NY,60625
HERKIMER-NY,58438
JEFFERSON-NY,54726
KINGS-NY,63973
LEWIS-NY,56192
LIVINGSTON-NY,60248
MADISON-NY,61176
MONROE-NY,62087
MONTGOMERY-NY,50146
NASSAU-NY,120036
NEW YORK-NY,89812
NIAGARA-NY,57252
ONEIDA-NY,59113
ONONDAGA-NY,62668
ONTARIO-NY,64795
ORANGE-NY,80816
ORLEANS-NY,52958
OSWEGO-NY,59070
OTSEGO-NY,56171
PUTNAM-NY,107246
QUEENS-NY,72028
RENSSELAER-NY,72510
RICHMOND-NY,85381
ROCKLAND-NY,94840
ST. LAWRENCE-NY,52071
SARATOGA-NY,85224
SCHENECTADY-NY,66488
SCHOHARIE-NY,58926
SCHUYLER-NY,53291
SENECA-NY,54865
STEUBEN-NY,55349
SUFFOLK-NY,105362
SULLIVAN-NY,60433
TIOGA-NY,61965
TOMPKINS-NY,61361
ULSTER-NY,65306
WARREN-NY,64658
WASHINGTON-NY,59613
WAYNE-NY,62003
WESTCHESTER-NY,99489
WYOMING-NY,58746
YATES-NY,55307
ALAMANCE-NC,51580
ALEXANDER-NC,51329
ALLEGHANY-NC,37158
ANSON-NC,39799
ASHE-NC,43030
AVERY-NC,42695
BEAUFORT-NC,48051
BERTIE-NC,35042
BLADEN-NC,37188
BRUNSWICK-NC,59763
BUNCOMBE-NC,55032
BURKE-NC,43915
CABARRUS-NC,71177
CALDWELL-NC,46094
CAMDEN-NC,63834
CARTERET-NC,57871
CASWELL-NC,47938
CATAWBA-NC,54690
CHATHAM-NC,69799
CHEROKEE-NC,40793
CHOWAN-NC,44050
CLAY-NC,42160
CLEVELAND-NC,43512
COLUMBUS-NC,38487
CRAVEN-NC,53894
CUMBERLAND-NC,48177
CURRITUCK-NC,73741
DARE-NC,65420
DAVIDSON-NC,50454
DAVIE-NC,62028
DUPLIN-NC,43422
DURHAM-NC,62812
EDGECOMBE-NC,40489
FORSYTH-NC,53583
FRANKLIN-NC,58172
GASTON-NC,53474
GATES-NC,45871
GRAHAM-NC,42207
GRANVILLE-NC,56924
GREENE-NC,43563
GUILFORD-NC,54794
HALIFAX-NC,35904
HARNETT-NC,54565
HAYWOOD-NC,51548
HENDERSON-NC,58928
HERTFORD-NC,42588
HOKE-NC,51140
HYDE-NC,46667
IREDELL-NC,62551
JACKSON-NC,46820
JOHNSTON-NC,61806
JONES-NC,38324
LEE-NC,52294
LENOIR-NC,39923
LINCOLN-NC,59592
MCDOWELL-NC,47085
MACON-NC,45703
MADISON-NC,46190
MARTIN-NC,39909
MECKLENBURG-NC,69240
MITCHELL-NC,48841
MONTGOMERY-NC,45147
MOORE-NC,63324
NASH-NC,49949
NEW HANOVER-NC,56689
NORTHAMPTON-NC,38969
ONSLOW-NC,51560
ORANGE-NC,74803
PAMLICO-NC,48531
PASQUOTANK-NC,54439
PENDER-NC,60044
PERQUIMANS-NC,51036
PERSON-NC,57323
PITT-NC,49337
POLK-NC,52125
RANDOLPH-NC,48984
RICHMOND-NC,39051
ROBESON-NC,35362
ROCKINGHAM-NC,45697
ROWAN-NC,51054
RUTHERFORD-NC,43183
SAMPSON-NC,42914
SCOTLAND-NC,35936
STANLY-NC,54104
STOKES-NC,51668
SURRY-NC,44979
SWAIN-NC,45554
TRANSYLVANIA-NC,51509
TYRRELL-NC,38250
UNION-NC,82557
VANCE-NC,41827
WAKE-NC,83567
WARREN-NC,37476
WASHINGTON-NC,30941
WATAUGA-NC,46453
WAYNE-NC,47221
WILKES-NC,44980
WILSON-NC,44594
YADKIN-NC,46954
YANCEY-NC,44554
ADAMS-ND,48750
BARNES-ND,60472
BENSON-ND,50329
BILLINGS-ND,64896
BOTTINEAU-ND,65074
BOWMAN-ND,70521
BURKE-ND,79405
BURLEIGH-ND,72974
CASS-ND,65976
CAVALIER-ND,54955
DICKEY-ND,64521
DIVIDE-ND,64650
DUNN-ND,82750
EDDY-ND,52895
EMMONS-ND,51012
FOSTER-ND,61250
GOLDEN VALLEY-ND,72308
GRAND FORKS-ND,53721
GRANT-ND,53750
GRIGGS-ND,53917
HETTINGER-ND,59750
KIDDER-ND,52063
LAMOURE-ND,61477
LOGAN-ND,60592
MCHENRY-ND,67039
MCINTOSH-ND,51136
MCKENZIE-ND,75238
MCLEAN-ND,70261
MERCER-ND,82087
MORTON-ND,72778
MOUNTRAIL-ND,70412
NELSON-ND,53063
OLIVER-ND,66641
PEMBINA-ND,60910
PIERCE-ND,57398
RAMSEY-ND,52688
RANSOM-ND,62235
RENVILLE-ND,69848
RICHLAND-ND,60833
ROLETTE-ND,46481
SARGENT-ND,64564
SHERIDAN-ND,54250
SIOUX-ND,41893
SLOPE-ND,65833
STARK-ND,69412
STEELE-ND,77167
STUTSMAN-ND,52815
TOWNER-ND,49464
TRAILL-ND,67604
WALSH-ND,55428
WARD-ND,68098
WELLS-ND,56519
WILLIAMS-ND,79508
ADAMS-OH,40067
ALLEN-OH,51892
ASHLAND-OH,55422
ASHTABULA-OH,47925
ATHENS-OH,42414
AUGLAIZE-OH,66193
BELMONT-OH,51574
BROWN-OH,57200
BUTLER-OH,69023
CARROLL-OH,52574
CHAMPAIGN-OH,59909
CLARK-OH,51504
CLERMONT-OH,69720
CLINTON-OH,54683
COLUMBIANA-OH,49407
COSHOCTON-OH,48552
CRAWFORD-OH,46391
CUYAHOGA-OH,51741
DARKE-OH,54799
DEFIANCE-OH,62110
DELAWARE-OH,111411
ERIE-OH,58408
FAIRFIELD-OH,70906
FAYETTE-OH,48637
FRANKLIN-OH,62352
FULTON-OH,61290
GALLIA-OH,48975
GEAUGA-OH,83730
GREENE-OH,70055
GUERNSEY-OH,46352
HAMILTON-OH,59190
HANCOCK-OH,57384
HARDIN-OH,50214
HARRISON-OH,49454
HENRY-OH,60425
HIGHLAND-OH,47973
HOCKING-OH,54774
HOLMES-OH,64453
HURON-OH,55041
JACKSON-OH,48915
JEFFERSON-OH,46849
KNOX-OH,61590
LAKE-OH,65814
LAWRENCE-OH,46584
LICKING-OH,67736
LOGAN-OH,60417
LORAIN-OH,58798
LUCAS-OH,49946
MADISON-OH,68663
MAHONING-OH,47092
MARION-OH,49225
MEDINA-OH,77784
MEIGS-OH,43445
MERCER-OH,65566
MIAMI-OH,62347
MONROE-OH,46241
MONTGOMERY-OH,53064
MORGAN-OH,43791
MORROW-OH,61769
MUSKINGUM-OH,48350
NOBLE-OH,50070
OTTAWA-OH,59306
PAULDING-OH,56531
PERRY-OH,52978
PICKAWAY-OH,61629
PIKE-OH,44115
PORTAGE-OH,59485
PREBLE-OH,61339
PUTNAM-OH,67790
RICHLAND-OH,49186
ROSS-OH,51508
SANDUSKY-OH,55245
SCIOTO-OH,41866
SENECA-OH,52897
SHELBY-OH,64522
STARK-OH,55045
SUMMIT-OH,59253
TRUMBULL-OH,47799
TUSCARAWAS-OH,54451
UNION-OH,88565
VAN WERT-OH,55991
VINTON-OH,45034
WARREN-OH,89410
WASHINGTON-OH,51808
WAYNE-OH,61424
WILLIAMS-OH,52855
WOOD-OH,63189
WYANDOT-OH,57925
ADAIR-OK,34375
ALFALFA-OK,64122
ATOKA-OK,42392
BEAVER-OK,55083
BECKHAM-OK,47095
BLAINE-OK,49638
BRYAN-OK,47175
CADDO-OK,46499
CANADIAN-OK,73591
CARTER-OK,51148
CHEROKEE-OK,43378
CHOCTAW-OK,37121
CIMARRON-OK,47095
CLEVELAND-OK,65412
COAL-OK,42277
COMANCHE-OK,52377
COTTON-OK,49583
CRAIG-OK,43003
CREEK-OK,52315
CUSTER-OK,51351
DELAWARE-OK,44268
DEWEY-OK,51169
ELLIS-OK,48264
GARFIELD-OK,55435
GARVIN-OK,47321
GRADY-OK,64507
GRANT-OK,53147
GREER-OK,46794
HARMON-OK,53087
HARPER-OK,44318
HASKELL-OK,43950
HUGHES-OK,38020
JACKSON-OK,52535
JEFFERSON-OK,43871
JOHNSTON-OK,44238
KAY-OK,47456
KINGFISHER-OK,61738
KIOWA-OK,34747
LATIMER-OK,40044
LE FLORE-OK,41900
LINCOLN-OK,51206
LOGAN-OK,70456
LOVE-OK,54423
MCCLAIN-OK,70005
MCCURTAIN-OK,39091
MCINTOSH-OK,39588
MAJOR-OK,56781
MARSHALL-OK,48573
MAYES-OK,50012
MURRAY-OK,53696
MUSKOGEE-OK,41633
NOBLE-OK,60019
NOWATA-OK,42051
OKFUSKEE-OK,40913
OKLAHOMA-OK,55519
OKMULGEE-OK,45319
OSAGE-OK,50105
OTTAWA-OK,40662
PAWNEE-OK,50991
PAYNE-OK,42103
PITTSBURG-OK,47511
PONTOTOC-OK,51682
POTTAWATOMIE-OK,51150
PUSHMATAHA-OK,38325
ROGER MILLS-OK,54653
ROGERS-OK,66038
SEMINOLE-OK,38588
SEQUOYAH-OK,41803
STEPHENS-OK,51156
TEXAS-OK,50702
TILLMAN-OK,39975
TULSA-OK,57024
WAGONER-OK,64958
WASHINGTON-OK,53384
WASHITA-OK,52591
WOODS-OK,51985
WOODWARD-OK,56182
BAKER-OR,46250
BENTON-OR,65142
CLACKAMAS-OR,82911
CLATSOP-OR,57466
COLUMBIA-OR,68170
COOS-OR,49445
CROOK-OR,59000
CURRY-OR,53174
DESCHUTES-OR,68937
DOUGLAS-OR,50031
GILLIAM-OR,41838
GRANT-OR,48202
HARNEY-OR,43387
HOOD RIVER-OR,72418
JACKSON-OR,56327
JEFFERSON-OR,55844
JOSEPHINE-OR,47733
KLAMATH-OR,48560
LAKE-OR,44237
LANE-OR,54942
LINCOLN-OR,50775
LINN-OR,59547
MALHEUR-OR,44362
MARION-OR,61817
MORROW-OR,56572
MULTNOMAH-OR,71425
POLK-OR,65665
SHERMAN-OR,51472
TILLAMOOK-OR,54268
UMATILLA-OR,57973
UNION-OR,53940
WALLOWA-OR,53423
WASCO-OR,54725
WASHINGTON-OR,86626
WHEELER-OR,45354
YAMHILL-OR,67296
ADAMS-PA,68411
ALLEGHENY-PA,62320
ARMSTRONG-PA,53545
BEAVER-PA,59014
BEDFORD-PA,51531
BERKS-PA,66154
BLAIR-PA,50856
BRADFORD-PA,52375
BUCKS-PA,93181
BUTLER-PA,72642
CAMBRIA-PA,47644
CAMERON-PA,40342
CARBON-PA,57601
CENTRE-PA,61921
CHESTER-PA,104161
CLARION-PA,49695
CLEARFIELD-PA,50150
CLINTON-PA,51145
COLUMBIA-PA,52219
CRAWFORD-PA,51919
CUMBERLAND-PA,71979
DAUPHIN-PA,63123
DELAWARE-PA,76238
ELK-PA,54961
ERIE-PA,52863
FAYETTE-PA,49075
FOREST-PA,41225
FRANKLIN-PA,63420
FULTON-PA,55424
GREENE-PA,55993
HUNTINGDON-PA,53597
INDIANA-PA,49270
JEFFERSON-PA,49604
JUNIATA-PA,53502
LACKAWANNA-PA,54064
LANCASTER-PA,69588
LAWRENCE-PA,50080
LEBANON-PA,61632
LEHIGH-PA,66214
LUZERNE-PA,53194
LYCOMING-PA,54906
MCKEAN-PA,49240
MERCER-PA,50529
MIFFLIN-PA,52641
MONROE-PA,68734
MONTGOMERY-PA,93518
MONTOUR-PA,59915
NORTHAMPTON-PA,73088
NORTHUMBERLAND-PA,49273
PERRY-PA,70660
PHILADELPHIA-PA,49127
PIKE-PA,67495
POTTER-PA,47696
SCHUYLKILL-PA,53703
SNYDER-PA,60227
SOMERSET-PA,51255
SULLIVAN-PA,49830
SUSQUEHANNA-PA,55788
TIOGA-PA,51838
UNION-PA,56824
VENANGO-PA,51405
WARREN-PA,52034
WASHINGTON-PA,65478
WAYNE-PA,55572
WESTMORELAND-PA,61398
WYOMING-PA,60075
YORK-PA,68940
BRISTOL-RI,85413
KENT-RI,75857
NEWPORT-RI,84282
PROVIDENCE-RI,62323
WASHINGTON-RI,86970
ABBEVILLE-SC,43090
AIKEN-SC,53385
ALLENDALE-SC,26074
ANDERSON-SC,53598
BAMBERG-SC,42830
BARNWELL-SC,37572
BEAUFORT-SC,71430
BERKELEY-SC,65443
CALHOUN-SC,49844
CHARLESTON-SC,67182
CHEROKEE-SC,37787
CHESTER-SC,43985
CHESTERFIELD-SC,41937
CLARENDON-SC,43881
COLLETON-SC,36748
DARLINGTON-SC,37141
DILLON-SC,36429
DORCHESTER-SC,63501
EDGEFIELD-SC,52491
FAIRFIELD-SC,43861
FLORENCE-SC,49645
GEORGETOWN-SC,52488
GREENVILLE-SC,62422
GREENWOOD-SC,41081
HAMPTON-SC,38178
HORRY-SC,51570
JASPER-SC,45924
KERSHAW-SC,53980
LANCASTER-SC,65421
LAURENS-SC,44374
LEE-SC,32851
LEXINGTON-SC,62740
MCCORMICK-SC,47402
MARION-SC,30791
MARLBORO-SC,31528
NEWBERRY-SC,46038
OCONEE-SC,49691
ORANGEBURG-SC,36802
PICKENS-SC,51032
RICHLAND-SC,54441
SALUDA-SC,43410
SPARTANBURG-SC,53757
SUMTER-SC,46570
UNION-SC,41117
WILLIAMSBURG-SC,35681
YORK-SC,68555
AURORA-SD,65132
BEADLE-SD,53461
BENNETT-SD,41887
BON HOMME-SD,50195
BROOKINGS-SD,57471
BROWN-SD,61816
BRULE-SD,57181
BUFFALO-SD,35000
BUTTE-SD,49353
CAMPBELL-SD,54228
CHARLES MIX-SD,52348
CLARK-SD,50709
CLAY-SD,51447
CODINGTON-SD,57885
CORSON-SD,36705
CUSTER-SD,64556
DAVISON-SD,48267
DAY-SD,46753
DEUEL-SD,67396
DEWEY-SD,45859
DOUGLAS-SD,61793
EDMUNDS-SD,64896
FALL RIVER-SD,51383
FAULK-SD,49423
GRANT-SD,65327
GREGORY-SD,44706
HAAKON-SD,40673
HAMLIN-SD,67626
HAND-SD,58333
HANSON-SD,63750
HARDING-SD,61111
HUGHES-SD,69575
HUTCHINSON-SD,61290
HYDE-SD,59844
JACKSON-SD,24549
JERAULD-SD,49265
JONES-SD,46688
KINGSBURY-SD,61316
LAKE-SD,63165
LAWRENCE-SD,52146
LINCOLN-SD,84260
LYMAN-SD,54484
MCCOOK-SD,66208
MCPHERSON-SD,51379
MARSHALL-SD,68056
MEADE-SD,62275
MELLETTE-SD,33882
MINER-SD,53135
MINNEHAHA-SD,63699
MOODY-SD,61894
OGLALA LAKOTA-SD,31423
PENNINGTON-SD,58278
PERKINS-SD,61815
POTTER-SD,57120
ROBERTS-SD,50877
SANBORN-SD,55398
SPINK-SD,62125
STANLEY-SD,71602
SULLY-SD,60508
TODD-SD,24102
TRIPP-SD,54054
TURNER-SD,63062
UNION-SD,74006
WALWORTH-SD,51481
YANKTON-SD,61878
ZIEBACH-SD,36615
ANDERSON-TN,52338
BEDFORD-TN,52973
BENTON-TN,39019
BLEDSOE-TN,49382
BLOUNT-TN,60301
BRADLEY-TN,51872
CAMPBELL-TN,41769
CANNON-TN,52518
CARROLL-TN,42877
CARTER-TN,40820
CHEATHAM-TN,63988
CHESTER-TN,53336
CLAIBORNE-TN,37954
CLAY-TN,32064
COCKE-TN,38530
COFFEE-TN,51030
CROCKETT-TN,47581
CUMBERLAND-TN,49423
DAVIDSON-TN,62515
DECATUR-TN,40389
DEKALB-TN,44389
DICKSON-TN,57804
DYER-TN,45042
FAYETTE-TN,63618
FENTRESS-TN,40203
FRANKLIN-TN,47777
GIBSON-TN,45557
GILES-TN,49815
GRAINGER-TN,44703
GREENE-TN,43150
GRUNDY-TN,43116
HAMBLEN-TN,43151
HAMILTON-TN,56606
HANCOCK-TN,28234
HARDEMAN-TN,39636
HARDIN-TN,42285
HAWKINS-TN,45318
HAYWOOD-TN,38994
HENDERSON-TN,44534
HENRY-TN,41037
HICKMAN-TN,47457
HOUSTON-TN,43521
HUMPHREYS-TN,48411
JACKSON-TN,35880
JEFFERSON-TN,51899
JOHNSON-TN,38090
KNOX-TN,59250
LAKE-TN,34230
LAUDERDALE-TN,41905
LAWRENCE-TN,43734
LEWIS-TN,36977
LINCOLN-TN,53923
LOUDON-TN,61664
MCMINN-TN,46872
MCNAIRY-TN,40327
MACON-TN,38080
MADISON-TN,48396
MARION-TN,50059
MARSHALL-TN,55299
MAURY-TN,60567
MEIGS-TN,50733
MONROE-TN,45576
MONTGOMERY-TN,60878
MOORE-TN,63762
MORGAN-TN,41701
OBION-TN,39985
OVERTON-TN,36478
PERRY-TN,48716
PICKETT-TN,43125
POLK-TN,45326
PUTNAM-TN,45160
RHEA-TN,46096
ROANE-TN,55578
ROBERTSON-TN,66088
RUTHERFORD-TN,68718
SCOTT-TN,37135
SEQUATCHIE-TN,44217
SEVIER-TN,51734
SHELBY-TN,52092
SMITH-TN,48611
STEWART-TN,49537
SULLIVAN-TN,47438
SUMNER-TN,69878
TIPTON-TN,62474
TROUSDALE-TN,56981
UNICOI-TN,44526
UNION-TN,45143
VAN BUREN-TN,47576
WARREN-TN,42668
WASHINGTON-TN,48923
WAYNE-TN,42206
WEAKLEY-TN,41488
WHITE-TN,44282
WILLIAMSON-TN,111196
WILSON-TN,78962
ANDERSON-TX,45847.0
ANDREWS-TX,75147.0
ANGELINA-TX,49684.0
ARANSAS-TX,47924.0
ARCHER-TX,63958.0
ARMSTRONG-TX,69386.0
ATASCOSA-TX,59251.0
AUSTIN-TX,64468.0
BAILEY-TX,55038.0
BANDERA-TX,60361.0
BASTROP-TX,71820.0
BAYLOR-TX,40946.0
BEE-TX,45287.0
BELL-TX,54987.0
BEXAR-TX,58288.0
BLANCO-TX,70397.0
BORDEN-TX,83281.0
BOSQUE-TX,57337.0
BOWIE-TX,51796.0
BRAZORIA-TX,83325.0
BRAZOS-TX,50289.0
BREWSTER-TX,45296.0
BRISCOE-TX,37875.0
BROOKS-TX,25058.0
BROWN-TX,49180.0
BURLESON-TX,60058.0
BURNET-TX,59919.0
CALDWELL-TX,59846.0
CALHOUN-TX,57170.0
CALLAHAN-TX,51955.0
CAMERON-TX,41200.0
CAMP-TX,49539.0
CARSON-TX,74246.0
CASS-TX,47539.0
CASTRO-TX,49900.0
CHAMBERS-TX,95989.0
CHEROKEE-TX,50199.0
CHILDRESS-TX,43564.0
CLAY-TX,63125.0
COCHRAN-TX,41000.0
COKE-TX,45072.0
COLEMAN-TX,46948.0
COLLIN-TX,100541.0
COLLINGSWORTH-TX,41202.0
COLORADO-TX,52663.0
COMAL-TX,80781.0
COMANCHE-TX,54889.0
CONCHO-TX,53333.0
COOKE-TX,62733.0
CORYELL-TX,54712.0
COTTLE-TX,40250.0
CRANE-TX,54596.0
CROCKETT-TX,46695.0
CROSBY-TX,42470.0
CULBERSON-TX,34853.0
DALLAM-TX,58956.0
DALLAS-TX,61870.0
DAWSON-TX,40469.0
DEAF SMITH-TX,49790.0
DELTA-TX,49868.0
DENTON-TX,90354.0
DEWITT-TX,53815.0
DICKENS-TX,41141.0
DIMMIT-TX,25996.0
DONLEY-TX,51875.0
DUVAL-TX,45349.0
EASTLAND-TX,41559.0
ECTOR-TX,63096.0
EDWARDS-TX,40643.0
ELLIS-TX,79834.0
EL PASO-TX,48292.0
ERATH-TX,55383.0
FALLS-TX,36854.0
FANNIN-TX,57898.0
FAYETTE-TX,62872.0
FISHER-TX,52683.0
FLOYD-TX,52714.0
FOARD-TX,39306.0
FORT BEND-TX,100189.0
FRANKLIN-TX,59632.0
FREESTONE-TX,52232.0
FRIO-TX,48708.0
GAINES-TX,62994.0
GALVESTON-TX,74633.0
GARZA-TX,58938.0
GILLESPIE-TX,61445.0
GLASSCOCK-TX,74375.0
GOLIAD-TX,50000.0
GONZALES-TX,58210.0
GRAY-TX,54679.0
GRAYSON-TX,58296.0
GREGG-TX,52027.0
GRIMES-TX,56086.0
GUADALUPE-TX,75774.0
HALE-TX,47500.0
HALL-TX,40197.0
HAMILTON-TX,46893.0
HANSFORD-TX,46507.0
HARDEMAN-TX,47188.0
HARDIN-TX,61221.0
HARRIS-TX,63022.0
HARRISON-TX,54234.0
HARTLEY-TX,53722.0
HASKELL-TX,48955.0
HAYS-TX,68724.0
HEMPHILL-TX,59605.0
HENDERSON-TX,49469.0
HIDALGO-TX,41846.0
HILL-TX,55615.0
HOCKLEY-TX,47010.0
HOOD-TX,71253.0
HOPKINS-TX,54600.0
HOUSTON-TX,40838.0
HOWARD-TX,57761.0
HUDSPETH-TX,31505.0
HUNT-TX,57467.0
HUTCHINSON-TX,57921.0
IRION-TX,53778.0
JACK-TX,54087.0
JACKSON-TX,58243.0
JASPER-TX,42756.0
JEFF DAVIS-TX,
JEFFERSON-TX,50840.0
JIM HOGG-TX,35736.0
JIM WELLS-TX,45857.0
JOHNSON-TX,65311.0
JONES-TX,52471.0
KARNES-TX,52896.0
KAUFMAN-TX,72179.0
KENDALL-TX,98692.0
KENEDY-TX,40083.0
KENT-TX,61706.0
KERR-TX,57196.0
KIMBLE-TX,46602.0
KING-TX,39286.0
KINNEY-TX,39972.0
KLEBERG-TX,47301.0
KNOX-TX,50719.0
LAMAR-TX,48036.0
LAMB-TX,44935.0
LAMPASAS-TX,64808.0
LA SALLE-TX,47162.0
LAVACA-TX,54211.0
LEE-TX,56696.0
LEON-TX,43392.0
LIBERTY-TX,50917.0
LIMESTONE-TX,45781.0
LIPSCOMB-TX,63182.0
LIVE OAK-TX,50212.0
LLANO-TX,58941.0
LOVING-TX,44076.0
LUBBOCK-TX,53425.0
LYNN-TX,46163.0
MCCULLOCH-TX,48618.0
MCLENNAN-TX,50210.0
MCMULLEN-TX,67386.0
MADISON-TX,60499.0
MARION-TX,39093.0
MARTIN-TX,70000.0
MASON-TX,61434.0
MATAGORDA-TX,48733.0
MAVERICK-TX,41385.0
MEDINA-TX,62701.0
MENARD-TX,43826.0
MIDLAND-TX,83217.0
MILAM-TX,48253.0
MILLS-TX,50198.0
MITCHELL-TX,44939.0
MONTAGUE-TX,57511.0
MONTGOMERY-TX,83274.0
MOORE-TX,53967.0
MORRIS-TX,43995.0
MOTLEY-TX,45417.0
NACOGDOCHES-TX,44507.0
NAVARRO-TX,47574.0
NEWTON-TX,40690.0
NOLAN-TX,43692.0
NUECES-TX,56784.0
OCHILTREE-TX,53431.0
OLDHAM-TX,64250.0
ORANGE-TX,63488.0
PALO PINTO-TX,55986.0
PANOLA-TX,51297.0
PARKER-TX,84189.0
PARMER-TX,58558.0
PECOS-TX,53879.0
POLK-TX,50351.0
POTTER-TX,43652.0
PRESIDIO-TX,22716.0
RAINS-TX,52612.0
RANDALL-TX,68186.0
REAGAN-TX,61659.0
REAL-TX,38659.0
RED RIVER-TX,37135.0
REEVES-TX,61543.0
REFUGIO-TX,51054.0
ROBERTS-TX,61964.0
ROBERTSON-TX,53823.0
ROCKWALL-TX,105956.0
RUNNELS-TX,48489.0
RUSK-TX,56223.0
SABINE-TX,38917.0
SAN AUGUSTINE-TX,41568.0
SAN JACINTO-TX,44566.0
SAN PATRICIO-TX,56111.0
SAN SABA-TX,45169.0
SCHLEICHER-TX,45250.0
SCURRY-TX,50277.0
SHACKELFORD-TX,48212.0
SHELBY-TX,41170.0
SHERMAN-TX,57130.0
SMITH-TX,59450.0
SOMERVELL-TX,64394.0
STARR-TX,30931.0
STEPHENS-TX,44940.0
STERLING-TX,53194.0
STONEWALL-TX,58309.0
SUTTON-TX,61190.0
SWISHER-TX,36337.0
TARRANT-TX,70306.0
TAYLOR-TX,55568.0
TERRELL-TX,42823.0
TERRY-TX,44052.0
THROCKMORTON-TX,41875.0
TITUS-TX,53406.0
TOM GREEN-TX,57670.0
TRAVIS-TX,80668.0
TRINITY-TX,44052.0
TYLER-TX,47865.0
UPSHUR-TX,54330.0
UPTON-TX,59008.0
UVALDE-TX,45936.0
VAL VERDE-TX,47675.0
VAN ZANDT-TX,57203.0
VICTORIA-TX,58959.0
WALKER-TX,41508.0
WALLER-TX,61752.0
WARD-TX,61915.0
WASHINGTON-TX,59623.0
WEBB-TX,50296.0
WHARTON-TX,51770.0
WHEELER-TX,49036.0
WICHITA-TX,49710.0
WILBARGER-TX,45121.0
WILLACY-TX,37906.0
WILLIAMSON-TX,90834.0
WILSON-TX,80082.0
WINKLER-TX,63585.0
WISE-TX,67726.0
WOOD-TX,56749.0
YOAKUM-TX,69004.0
YOUNG-TX,52158.0
ZAPATA-TX,32945.0
ZAVALA-TX,40090.0
BEAVER-UT,66705
BOX ELDER-UT,63573
CACHE-UT,60530
CARBON-UT,50328
DAGGETT-UT,74911
DAVIS-UT,87570
DUCHESNE-UT,61655
EMERY-UT,57772
GARFIELD-UT,44279
GRAND-UT,56639
IRON-UT,52045
JUAB-UT,68333
KANE-UT,49486
MILLARD-UT,63221
MORGAN-UT,100408
PIUTE-UT,29125
RICH-UT,63917
SALT LAKE-UT,77128
SAN JUAN-UT,49690
SANPETE-UT,55820
SEVIER-UT,55361
SUMMIT-UT,106973
TOOELE-UT,76737
UINTAH-UT,59428
UTAH-UT,77057
WASATCH-UT,85807
WASHINGTON-UT,61747
WAYNE-UT,49299
WEBER-UT,71275
ADDISON-VT,70262
BENNINGTON-VT,58200
CALEDONIA-VT,52481
CHITTENDEN-VT,76316
ESSEX-VT,47035
FRANKLIN-VT,65314
GRAND ISLE-VT,81667
LAMOILLE-VT,64179
ORANGE-VT,62737
ORLEANS-VT,54390
RUTLAND-VT,57176
WASHINGTON-VT,64862
WINDHAM-VT,54188
WINDSOR-VT,61503
ACCOMACK-VA,46178
ALBEMARLE-VA,84643
ALLEGHANY-VA,48513
AMELIA-VA,63918
AMHERST-VA,57368
APPOMATTOX-VA,55457
ARLINGTON-VA,122604
AUGUSTA-VA,65076
BATH-VA,55481
BEDFORD-VA,67136
BLAND-VA,50365
BOTETOURT-VA,72719
BRUNSWICK-VA,46111
BUCHANAN-VA,34302
BUCKINGHAM-VA,48603
CAMPBELL-VA,52319
CAROLINE-VA,67901
CARROLL-VA,44518
CHARLES CITY-VA,60096
CHARLOTTE-VA,40924
CHESTERFIELD-VA,84645
CLARKE-VA,86154
CRAIG-VA,57792
CULPEPER-VA,80663
CUMBERLAND-VA,50565
DICKENSON-VA,30116
DINWIDDIE-VA,65485
ESSEX-VA,51125
FAIRFAX-VA,127866
FAUQUIER-VA,105665
FLOYD-VA,51250
FLUVANNA-VA,78885
FRANKLIN-VA,56779
FREDERICK-VA,80011
GILES-VA,57279
GLOUCESTER-VA,71649
GOOCHLAND-VA,97146
GRAYSON-VA,41558
GREENE-VA,67266
GREENSVILLE-VA,49756
HALIFAX-VA,43714
HANOVER-VA,91444
HENRICO-VA,72295
HENRY-VA,38511
HIGHLAND-VA,51831
ISLE OF WIGHT-VA,77870
JAMES CITY-VA,91675
KING AND QUEEN-VA,65385
KING GEORGE-VA,96711
KING WILLIAM-VA,73284
LANCASTER-VA,59736
LEE-VA,35006
LOUDOUN-VA,147111
LOUISA-VA,67027
LUNENBURG-VA,45884
MADISON-VA,63482
MATHEWS-VA,74489
MECKLENBURG-VA,50224
MIDDLESEX-VA,57060
MONTGOMERY-VA,59126
NELSON-VA,62203
NEW KENT-VA,97688
NORTHAMPTON-VA,50819
NORTHUMBERLAND-VA,59437
NOTTOWAY-VA,49983
ORANGE-VA,74446
PAGE-VA,51878
PATRICK-VA,46941
PITTSYLVANIA-VA,49520
POWHATAN-VA,93833
PRINCE EDWARD-VA,44253
PRINCE GEORGE-VA,75123
PRINCE WILLIAM-VA,107707
PULASKI-VA,53689
RAPPAHANNOCK-VA,82077
RICHMOND-VA,53298
ROANOKE-VA,70076
ROCKBRIDGE-VA,54133
ROCKINGHAM-VA,64496
RUSSELL-VA,38564
SCOTT-VA,41540
SHENANDOAH-VA,56114
SMYTH-VA,41088
SOUTHAMPTON-VA,63034
SPOTSYLVANIA-VA,90913
STAFFORD-VA,112247
SURRY-VA,56525
SUSSEX-VA,51701
TAZEWELL-VA,42207
WARREN-VA,70109
WASHINGTON-VA,50928
WESTMORELAND-VA,53790
WISE-VA,41285
WYTHE-VA,51639
YORK-VA,93356
ALEXANDRIA CITY-VA,102227
BRISTOL CITY-VA,39679
BUENA VISTA CITY-VA,36634
CHARLOTTESVILLE CITY-VA,59598
CHESAPEAKE CITY-VA,81261
COLONIAL HEIGHTS CITY-VA,60522
COVINGTON CITY-VA,41024
DANVILLE CITY-VA,37147
EMPORIA CITY-VA,30058
FAIRFAX CITY-VA,109708
FALLS CHURCH CITY-VA,146922
FRANKLIN CITY-VA,49811
FREDERICKSBURG CITY-VA,69528
GALAX CITY-VA,35184
HAMPTON CITY-VA,57041
HARRISONBURG CITY-VA,49117
HOPEWELL CITY-VA,43262
LEXINGTON CITY-VA,50714
LYNCHBURG CITY-VA,49201
MANASSAS CITY-VA,86227
MANASSAS PARK CITY-VA,81639
MARTINSVILLE CITY-VA,36166
NEWPORT NEWS CITY-VA,54511
NORFOLK CITY-VA,53026
NORTON CITY-VA,30518
PETERSBURG CITY-VA,43029
POQUOSON CITY-VA,100696
PORTSMOUTH CITY-VA,53213
RADFORD CITY-VA,34576
RICHMOND CITY-VA,51421
ROANOKE CITY-VA,45664
SALEM CITY-VA,63411
STAUNTON CITY-VA,52292
SUFFOLK CITY-VA,79899
VIRGINIA BEACH CITY-VA,78136
WAYNESBORO CITY-VA,43480
WILLIAMSBURG CITY-VA,59288
WINCHESTER CITY-VA,61102
ADAMS-WA,51601
ASOTIN-WA,53941
BENTON-WA,72046
CHELAN-WA,61304
CLALLAM-WA,55090
CLARK-WA,77184
COLUMBIA-WA,61779
COWLITZ-WA,58791
DOUGLAS-WA,65730
FERRY-WA,41685
FRANKLIN-WA,66904
GARFIELD-WA,56923
GRANT-WA,59165
GRAYS HARBOR-WA,50665
ISLAND-WA,70765
JEFFERSON-WA,57693
KING-WA,99158
KITSAP-WA,78969
KITTITAS-WA,59703
KLICKITAT-WA,56667
LEWIS-WA,54970
LINCOLN-WA,58584
MASON-WA,60565
OKANOGAN-WA,48528
PACIFIC-WA,50873
PEND OREILLE-WA,55021
PIERCE-WA,76438
SAN JUAN-WA,64753
SKAGIT-WA,71021
SKAMANIA-WA,69296
SNOHOMISH-WA,89273
SPOKANE-WA,60101
STEVENS-WA,54426
THURSTON-WA,75867
WAHKIAKUM-WA,54524
WALLA WALLA-WA,60615
WHATCOM-WA,65420
WHITMAN-WA,42288
YAKIMA-WA,54917
BARBOUR-WV,38906
BERKELEY-WV,65286
BOONE-WV,45297
BRAXTON-WV,43819
BROOKE-WV,48168
CABELL-WV,41472
CALHOUN-WV,38668
CLAY-WV,35154
DODDRIDGE-WV,51300
FAYETTE-WV,43722
GILMER-WV,42883
GRANT-WV,43313
GREENBRIER-WV,39807
HAMPSHIRE-WV,48528
HANCOCK-WV,48140
HARDY-WV,46513
HARRISON-WV,52134
JACKSON-WV,49115
JEFFERSON-WV,82551
KANAWHA-WV,47122
LEWIS-WV,43894
LINCOLN-WV,42064
LOGAN-WV,36250
MCDOWELL-WV,26072
MARION-WV,52856
MARSHALL-WV,48179
MASON-WV,51820
MERCER-WV,40716
MINERAL-WV,51723
MINGO-WV,35454
MONONGALIA-WV,54198
MONROE-WV,44828
MORGAN-WV,57116
NICHOLAS-WV,40318
OHIO-WV,48056
PENDLETON-WV,46358
PLEASANTS-WV,55508
POCAHONTAS-WV,37642
PRESTON-WV,51992
PUTNAM-WV,63954
RALEIGH-WV,43283
RANDOLPH-WV,45206
RITCHIE-WV,44328
ROANE-WV,38895
SUMMERS-WV,37769
TAYLOR-WV,52958
TUCKER-WV,47527
TYLER-WV,47598
UPSHUR-WV,40802
WAYNE-WV,43710
WEBSTER-WV,33358
WETZEL-WV,44539
WIRT-WV,45315
WOOD-WV,48711
WYOMING-WV,44095
ADAMS-WI,48906
ASHLAND-WI,47869
BARRON-WI,52346
BAYFIELD-WI,57257
BROWN-WI,64728
BUFFALO-WI,58364
BURNETT-WI,53555
CALUMET-WI,76065
CHIPPEWA-WI,61215
CLARK-WI,54463
COLUMBIA-WI,69262
CRAWFORD-WI,51218
DANE-WI,75179
DODGE-WI,62591
DOOR-WI,61765
DOUGLAS-WI,56855
DUNN-WI,59588
EAU CLAIRE-WI,62508
FLORENCE-WI,50821
FOND DU LAC-WI,64147
FOREST-WI,48394
GRANT-WI,54144
GREEN-WI,66212
GREEN LAKE-WI,57339
IOWA-WI,68714
IRON-WI,45588
JACKSON-WI,55228
JEFFERSON-WI,67167
JUNEAU-WI,53928
KENOSHA-WI,66595
KEWAUNEE-WI,68474
LA CROSSE-WI,60307
LAFAYETTE-WI,61070
LANGLADE-WI,52074
LINCOLN-WI,59183
MANITOWOC-WI,58464
MARATHON-WI,63029
MARINETTE-WI,52385
MARQUETTE-WI,53293
MENOMINEE-WI,47188
MILWAUKEE-WI,52260
MONROE-WI,60595
OCONTO-WI,64528
ONEIDA-WI,58156
OUTAGAMIE-WI,68441
OZAUKEE-WI,84394
PEPIN-WI,58750
PIERCE-WI,73873
POLK-WI,61814
PORTAGE-WI,60316
PRICE-WI,49749
RACINE-WI,62556
RICHLAND-WI,52052
ROCK-WI,59519
RUSK-WI,48961
ST. CROIX-WI,84985
SAUK-WI,62808
SAWYER-WI,52022
SHAWANO-WI,57322
SHEBOYGAN-WI,62101
TAYLOR-WI,52860
TREMPEALEAU-WI,59606
VERNON-WI,54549
VILAS-WI,50039
WALWORTH-WI,66034
WASHBURN-WI,51711
WASHINGTON-WI,80839
WAUKESHA-WI,88985
WAUPACA-WI,60106
WAUSHARA-WI,54320
WINNEBAGO-WI,59947
WOOD-WI,55684
ALBANY-WY,51362
BIG HORN-WY,51237
CAMPBELL-WY,80887
CARBON-WY,62423
CONVERSE-WY,73806
CROOK-WY,66898
FREMONT-WY,54291
GOSHEN-WY,55955
HOT SPRINGS-WY,53398
JOHNSON-WY,56565
LARAMIE-WY,69369
LINCOLN-WY,71898
NATRONA-WY,62168
NIOBRARA-WY,46111
PARK-WY,63684
PLATTE-WY,57784
SHERIDAN-WY,59380
SUBLETTE-WY,78655
SWEETWATER-WY,73384
TETON-WY,87053
UINTA-WY,72458
WASHAKIE-WY,57306
WESTON-WY,53333
