County-State,Private
ADAMS-NE,4
PIKE-AR,1
NEW HAVEN-CT,65
BREATHITT-KY,3
CRAWFORD-IL,1
BRADLEY-AR,1
HEMPSTEAD-AR,2
CAPE MAY-NJ,7
YAVAPAI-AZ,12
YORK-PA,34
LARAMIE-WY,5
BOONE-WV,2
CEDAR-NE,2
ALEXANDER-IL,1
JEFFERSON-OH,2
ERIE-OH,3
CARSON CITY-NV,2
TIOGA-PA,5
GRAND-CO,2
ST. CLAIR-MI,9
SCHUYLER-NY,1
FRESNO-CA,23
JEFFERSON-TN,1
ETOWAH-AL,5
CHILTON-AL,1
DOUGLAS-CO,19
CALHOUN-MI,5
LEE-AR,2
PUTNAM-OH,3
MONTEREY-CA,19
COWLEY-KS,3
BOONE-MO,17
WALTON-FL,6
CULLMAN-AL,5
PINAL-AZ,3
ELKHART-IN,43
BERKS-PA,47
AIKEN-SC,12
SCOTT-IA,8
MITCHELL-KS,3
CHARLOTTE-FL,8
ORANGE-FL,148
MONTGOMERY-GA,1
YAZOO-MS,2
MORTON-ND,1
GILA-AZ,3
LUZERNE-PA,26
CHISAGO-MN,2
MARION-KY,1
CLINTON-IA,2
UINTAH-UT,1
LAKE-OH,12
MEIGS-OH,1
CLARK-WA,21
RAVALLI-MT,3
MAURY-TN,6
POSEY-IN,3
OUTAGAMIE-WI,18
CROW WING-MN,4
POLK-MN,5
LAWRENCE-KY,1
LA PLATA-CO,7
CODINGTON-SD,4
CRAWFORD-IA,1
ALLAMAKEE-IA,1
SANGAMON-IL,17
PHILADELPHIA-NM,1
ANDERSON-KS,1
TOWNS-GA,1
ISANTI-MN,3
WAYNE-MI,77
MONROE-WV,1
CORTLAND-NY,4
HENRY-OH,3
LAFAYETTE-MO,5
PICKENS-GA,1
CASS-ND,5
MCLEOD-MN,6
MILLE LACS-MN,3
SUMMIT-UT,3
SANTA FE-NM,16
MERCED-CA,12
JACKSON-MO,42
POLK-GA,1
HOUSTON-GA,7
LAMAR-GA,3
CLAY-AL,2
TIPPECANOE-IN,9
WHITLEY-IN,4
HENRY-IN,3
HANCOCK-IN,3
DOUGLAS-OR,7
KNOTT-KY,1
DEWEY-SD,1
BAY-MI,10
ISABELLA-MI,5
JACKSON-MI,7
ROCK ISLAND-IL,9
MONROE-MO,2
KENT-RI,12
SANTA ROSA-FL,5
GADSDEN-FL,3
SHAWANO-WI,7
MORRISON-MN,2
HARLAN-KY,1
FRANKLIN-IL,3
CRAIGHEAD-AR,4
WINDHAM-CT,10
JEFFERSON-WA,4
WASHINGTON-FL,3
MANATEE-FL,24
FANNIN-GA,1
WARE-GA,1
JEFFERSON-IN,5
POTTER-PA,4
MARION-SC,2
SPOKANE-WA,39
SHELBY-TN,65
MARICOPA-AZ,151
WAYNE-IN,16
MORGAN-IN,2
HORRY-SC,11
LOGAN-IL,1
WILLIAMSON-IL,4
ORANGE-NY,22
ONTARIO-NY,5
PAULDING-OH,1
HUNTERDON-NJ,6
CUSTER-MT,2
GRENADA-MS,1
HAWAII-HI,11
LAFAYETTE-WI,1
TRIGG-KY,2
OTTAWA-MI,21
OUACHITA-AR,1
WILLIAMSON-TN,13
MUSCATINE-IA,1
FRANKLIN-NY,4
WILLIAMS-OH,2
KNOX-TN,38
SHELBY-IN,2
GRANT-WI,9
PITTSBURG-OK,2
POPE-MN,1
BULLITT-KY,3
PUTNAM-WV,2
LEWIS-NY,4
WARREN-NY,1
FAULKNER-AR,2
MIDDLESEX-CT,9
CALLAWAY-MO,2
CROOK-OR,1
WATONWAN-MN,2
RITCHIE-WV,1
HARRISON-WV,7
JASPER-IL,1
OWYHEE-ID,1
JACKSON-GA,2
MONTGOMERY-KY,1
BOISE-ID,1
KERN-CA,30
HUMBOLDT-CA,12
ALACHUA-FL,23
BIG HORN-MT,2
MONTGOMERY-MS,1
LINCOLN-OR,2
WABASHA-MN,3
LAUREL-KY,3
NAPA-CA,18
WILCOX-AL,1
MONROE-IN,7
DOUGLAS-WI,3
BOURBON-KY,1
MONTCALM-MI,8
WINNEBAGO-IL,23
IROQUOIS-IL,2
SUMMIT-OH,42
IMPERIAL-CA,8
DEL NORTE-CA,2
TANEY-MO,3
BURKE-GA,2
NEWTON-MS,1
DICKSON-TN,3
DELAWARE-IN,3
MCKEAN-PA,5
KITTSON-MN,1
BOONE-KY,11
OTSEGO-MI,3
MONTGOMERY-NY,6
RANDOLPH-AR,1
CIBOLA-NM,2
POLK-MO,2
COLLIER-FL,22
FAYETTE-GA,12
MARENGO-AL,2
COLLETON-SC,3
CACHE-UT,2
GREENE-NY,1
CARROLL-OH,1
MADISON-OH,3
SANTA CRUZ-CA,25
CHARITON-MO,1
CRAWFORD-MO,1
GULF-FL,2
LEAKE-MS,1
REDWOOD-MN,2
DILLON-SC,1
GRATIOT-MI,3
COLES-IL,4
MIAMI-OH,9
MINIDOKA-ID,1
INYO-CA,1
GALLATIN-MT,12
SIOUX-IA,12
CHICKASAW-IA,1
SALT LAKE-UT,54
WASHINGTON-AR,9
WHATCOM-WA,20
SUSSEX-NJ,11
HARDIN-TN,2
CALHOUN-AL,6
SUFFOLK-MA,44
JACKSON-MN,2
ST. LOUIS-MN,9
SAN JUAN-NM,6
BULLOCH-GA,3
BENTON-TN,1
CHIPPEWA-WI,13
MARTIN-MN,5
HENNEPIN-MN,78
WASHINGTON-MN,16
DENVER-CO,40
HENRY-IL,1
ERIE-NY,61
LEAVENWORTH-KS,3
FRANKLIN-GA,2
EARLY-GA,1
MONTGOMERY-AL,20
CRAIG-OK,1
WRIGHT-MN,8
BARREN-KY,1
FALL RIVER-SD,1
BROWN-SD,9
OHIO-WV,8
RANDOLPH-IL,9
HANCOCK-IL,1
JEFFERSON-FL,1
OVERTON-TN,1
MARION-OR,20
GARRETT-MD,1
STORY-IA,1
GRAND TRAVERSE-MI,10
RENSSELAER-NY,11
HOT SPRING-AR,1
GUERNSEY-OH,3
GLENN-CA,2
DANE-WI,38
AUGLAIZE-OH,1
VENTURA-CA,55
ANDREW-MO,1
JEFFERSON-MO,7
COWETA-GA,5
WASHINGTON-TN,3
ALLEN-IN,52
NANTUCKET-MA,3
NELSON-KY,7
MINGO-WV,2
STARK-OH,29
ROSS-OH,3
PUTNAM-GA,1
LIBERTY-GA,2
TETON-MT,1
LEWIS AND CLARK-MT,6
PARK-MT,2
LINCOLN-TN,1
WASHINGTON-IN,4
OCONTO-WI,3
BARRON-WI,8
CREEK-OK,2
FREMONT-WY,3
WINONA-MN,8
WARREN-KY,6
MENOMINEE-MI,2
JEFFERSON-AR,1
MISSISSIPPI-MO,1
DAWSON-GA,2
WHITFIELD-GA,3
HARRIS-GA,1
WILLIAMS-ND,1
STARKE-IN,1
LAS ANIMAS-CO,3
ELK-PA,5
WEBSTER-IA,3
EDGAR-IL,1
POPE-AR,2
UPSON-GA,2
DEKALB-GA,67
LAKE-MT,6
WILSON-TN,7
THOMAS-KS,2
DADE-MO,1
TEXAS-MO,3
FRANKLIN-FL,1
PAULDING-GA,1
STEELE-MN,3
MERRIMACK-NH,16
OSCEOLA-MI,2
CABELL-WV,5
PLACER-CA,21
FORSYTH-GA,17
OZAUKEE-WI,11
TETON-WY,4
MARLBORO-SC,3
DAKOTA-NE,1
SEWARD-NE,4
MCDONOUGH-IL,1
KNOX-IL,1
SALEM-NJ,2
MARION-MO,2
MORGAN-TN,2
MARION-TN,1
JERSEY-IL,1
BOONE-IL,2
ESSEX-NY,7
ARKANSAS-AR,2
FAIRFIELD-CT,70
COWLITZ-WA,5
MADERA-CA,5
NEVADA-CA,7
MODOC-CA,2
FRANKLIN-MO,10
JONES-MS,1
MCKENZIE-ND,1
JOHNSON-IN,7
DESCHUTES-OR,21
FULTON-PA,2
FULTON-OH,3
RALLS-MO,1
VALLEY-MT,1
CAVALIER-ND,1
BURLEIGH-ND,9
SNYDER-PA,19
SAGUACHE-CO,1
GEORGETOWN-SC,4
BUCHANAN-IA,3
HURON-MI,7
FAIRFIELD-OH,6
FORD-KS,1
GASCONADE-MO,2
DODGE-NE,4
WEBER-UT,12
BERGEN-NJ,99
LIVINGSTON-MO,1
SCOTT-MO,7
SANDERS-MT,1
MARSHALL-AL,1
YELLOW MEDICINE-MN,1
YAKIMA-WA,16
LAUDERDALE-AL,4
WAUSHARA-WI,3
WASECA-MN,2
WOODFORD-KY,2
ALLEN-KY,4
BROOKINGS-SD,1
BOONE-NE,1
PETTIS-MO,4
BROOKS-GA,1
MCMINN-TN,1
JOHNSON-KY,2
LAWRENCE-SD,2
WOODBURY-IA,9
POLK-TN,1
DALLAS-AL,3
ADAMS-PA,9
CHESTERFIELD-SC,6
CLARENDON-SC,2
HAMILTON-NE,2
LIVINGSTON-IL,6
PULASKI-AR,31
MONTGOMERY-OH,35
HARVEY-KS,3
AMITE-MS,1
MACON-TN,1
CONECUH-AL,1
COFFEE-AL,2
WHITE-IN,1
FAYETTE-KY,23
HOPKINS-KY,2
UNION-NJ,56
SUTTER-CA,3
CARROLL-IN,1
NORTHUMBERLAND-PA,8
BOULDER-CO,23
KERSHAW-SC,5
DALLAS-IA,2
SCHOOLCRAFT-MI,2
CASS-NE,1
PERRY-OH,1
LAWRENCE-AL,1
BAKER-OR,1
FARIBAULT-MN,2
OLMSTED-MN,13
WAPELLO-IA,2
STEPHENSON-IL,5
CARROLL-AR,2
ESSEX-NJ,65
MORRIS-NJ,50
HIGHLANDS-FL,9
COLQUITT-GA,3
ADAMS-WI,1
WASHBURN-WI,1
GRANT-MN,1
SHELBY-IL,3
WASATCH-UT,1
LOGAN-KS,1
CHESTER-PA,101
QUITMAN-MS,1
PERRY-PA,16
MCCRACKEN-KY,1
GRUNDY-IA,1
MONROE-OH,1
OTERO-NM,3
ISLAND-WA,5
STANISLAUS-CA,17
SHAWNEE-KS,11
PASCO-FL,33
LAKE-FL,31
HAMILTON-FL,3
WEAKLEY-TN,2
HOOD RIVER-OR,3
CLARION-PA,12
CUMBERLAND-PA,38
BEDFORD-PA,11
RICE-MN,7
CAMPBELL-KY,13
MADISON-ID,1
MITCHELL-GA,2
MAYES-OK,1
KENT-MI,39
WAYNE-NY,2
GREENE-OH,10
KINGS-CA,4
RICHMOND-GA,11
BLAINE-MT,2
ROANE-TN,5
CLARK-NV,69
UNION-OR,4
CAMBRIA-PA,12
CARTER-OK,2
PIPESTONE-MN,3
MESA-CO,8
RICHARDSON-NE,1
BARRY-MO,2
PIKE-MS,3
DOUGLAS-MN,3
OCEANA-MI,2
MONROE-IL,3
FAYETTE-IL,2
PHILLIPS-AR,3
VAN WERT-OH,1
CLINTON-OH,1
ASOTIN-WA,2
ST. LOUIS-MO,152
WASHINGTON-WI,19
LINCOLN-WI,5
GOSHEN-WY,2
MUSKEGON-MI,4
ST. LAWRENCE-NY,16
GRAYS HARBOR-WA,3
PINELLAS-FL,79
OKEECHOBEE-FL,4
WASHINGTON-GA,1
CHATHAM-GA,25
WELLS-IN,1
SAUK-WI,9
PAGE-IA,2
CUMING-NE,3
CASS-IL,2
MARSHALL-IN,13
ANDERSON-TN,4
LEWIS-TN,3
HUNTINGTON-IN,1
DELAWARE-IA,2
SCOTTS BLUFF-NE,3
HALL-NE,5
JOHNSON-IL,1
HICKMAN-TN,1
ST. JOSEPH-IN,35
BENTON-IN,1
FAYETTE-IN,1
BARTHOLOMEW-IN,7
ARAPAHOE-CO,30
CROSS-AR,1
LICKING-OH,9
LINCOLN-MO,4
SUMNER-TN,9
WAUKESHA-WI,50
WEXFORD-MI,3
WASHINGTON-UT,8
BENTON-WA,9
BARBOUR-AL,2
JASPER-IN,3
FOND DU LAC-WI,14
WAGONER-OK,1
HAND-SD,1
BARNWELL-SC,4
BEAUFORT-SC,11
BENTON-AR,10
GRANT-NM,3
OCEAN-NJ,66
SEDGWICK-KS,32
BUTLER-MO,2
WASHINGTON-MO,1
HOLMES-MS,1
ORANGE-IN,1
MIDDLESEX-MA,131
ROSCOMMON-MI,1
SOMERSET-NJ,50
JEROME-ID,1
SALINE-KS,2
ADAIR-MO,3
BROWARD-FL,178
COVINGTON-MS,1
GILES-TN,1
HALE-AL,1
HAMPDEN-MA,34
ALLEGHENY-PA,119
COLUMBIA-PA,6
INDIANA-PA,36
CLARK-KY,3
JEFFERSON-KY,73
WABASH-IL,2
CHRISTIAN-IL,5
JACKSON-IL,5
LAFAYETTE-AR,1
TUSCARAWAS-OH,17
TAYLOR-GA,1
RAMSEY-ND,1
ARMSTRONG-PA,10
MARSHALL-IA,2
MARSHALL-WV,1
HARTFORD-CT,64
LAWRENCE-IN,3
CENTRE-PA,30
EATON-MI,9
FRANKLIN-AR,1
SANDOVAL-NM,6
WAYNE-MO,2
SULLIVAN-TN,8
ST. CROIX-WI,5
DUKES-MA,1
CAMPBELL-WY,3
COOS-NH,2
DUCHESNE-UT,1
DICKINSON-KS,3
TOOMBS-GA,2
TIFT-GA,2
DANIELS-MT,1
DESOTO-MS,8
BROOMFIELD-CO,10
VOLUSIA-FL,47
WARREN-GA,1
PIMA-AZ,50
LANGLADE-WI,1
CARLTON-MN,1
FRANKLIN-KY,4
SUMTER-SC,9
MONROE-MI,11
COLFAX-NE,1
BROWN-IL,1
CRAWFORD-OH,3
TETON-ID,2
ST. CLAIR-AL,4
YUMA-AZ,5
TULSA-OK,37
BLUE EARTH-MN,4
LEELANAU-MI,3
DELAWARE-NY,1
ATLANTIC-NJ,22
LEWIS-MO,1
HILLSBOROUGH-FL,93
NORTHAMPTON-PA,18
CARTER-KY,1
PRESQUE ISLE-MI,3
HOCKING-OH,2
ADDISON-VT,3
ORLEANS-VT,3
STE. GENEVIEVE-MO,3
SCOTT-TN,1
SCOTT-MN,9
ST. JOSEPH-MI,5
CHEBOYGAN-MI,3
ORLEANS-NY,1
CHAVES-NM,5
SAN BENITO-CA,5
FLOYD-GA,4
LOWNDES-GA,10
SIMPSON-MS,4
NOBLE-IN,6
PORTAGE-WI,8
JOSEPHINE-OR,6
KENT-DE,19
KANAWHA-NV,1
WASHINGTON-NE,2
CLAY-MO,12
DALLAS-MO,1
DOUGLAS-GA,9
WILKINSON-MS,1
CALHOUN-MS,1
PUTNAM-TN,5
MADISON-AL,25
FRANKLIN-PA,33
TWIN FALLS-ID,7
GEM-ID,2
EMANUEL-GA,1
WARRICK-IN,2
DUNN-WI,4
RIO BLANCO-CO,1
FILLMORE-NE,1
LEMHI-ID,1
SAN FRANCISCO-CA,86
ROLETTE-ND,1
MADISON-IN,7
HARRISON-IN,3
BUFFALO-WI,1
CANADIAN-OK,4
OKMULGEE-OK,1
LE SUEUR-MN,2
STEARNS-MN,21
LOGAN-OK,1
CROCKETT-TN,1
GREEN-WI,3
POLK-OR,4
HANCOCK-MS,1
TIPTON-TN,1
SIOUX-ND,2
MORGAN-AL,4
HONOLULU-HI,75
MULTNOMAH-OR,66
FRANKLIN-MA,6
DELAWARE-OK,1
WILLIAMSBURG-SC,4
MARION-IA,2
MIAMI-KS,2
PLATTE-MO,7
PERRY-MO,3
CAMPBELL-TN,1
CLARK-WI,19
FAYETTE-PA,9
KINGSBURY-SD,1
UNION-SC,1
GREENVILLE-SC,41
BARAGA-MI,2
YORK-NE,4
MADISON-IL,27
BOX ELDER-UT,2
GENESEE-NY,2
LEA-NM,4
CAMDEN-NJ,46
LYON-NV,3
BRISTOL-MA,43
HUTCHINSON-SD,1
BELKNAP-NH,6
SANTA CLARA-CA,167
BUCHANAN-MO,6
CASCADE-MT,7
HUMPHREYS-MS,1
RANDOLPH-AL,1
JACKSON-OR,9
BROWN-MN,6
BOYLE-KY,3
JOHNSON-KS,37
CAMDEN-MO,2
CLARKE-GA,7
MOHAVE-AZ,3
SPENCER-IN,1
MURRAY-MN,2
CHESHIRE-NH,14
SHIAWASSEE-MI,4
LEE-IL,1
HAMILTON-OH,94
DESOTO-FL,3
PUTNAM-FL,6
CRISP-GA,1
MADISON-GA,1
ADAMS-MS,3
TALLAHATCHIE-MS,1
HARRISON-MS,11
RHEA-TN,1
MCNAIRY-TN,2
MARATHON-WI,17
UNION-PA,10
PAYNE-OK,2
PULASKI-KY,3
PLATTE-NE,8
STONE-MO,1
GORDON-GA,2
CATOOSA-GA,3
CHEROKEE-OK,1
MONTEZUMA-CO,2
KAY-OK,2
LARIMER-CO,13
TUSCOLA-MI,4
PAWNEE-NE,1
BOUNDARY-ID,4
SOLANO-CA,15
ST. FRANCOIS-MO,3
MADISON-FL,1
BRADFORD-PA,5
MCLEAN-IL,12
TRUMBULL-OH,23
CEDAR-MO,2
ST. CHARLES-MO,25
FLATHEAD-MT,13
WASHINGTON-MS,6
BOONE-IN,7
JUNEAU-WI,3
WAYNE-KY,1
TODD-KY,1
BUTLER-KY,1
MARQUETTE-MI,3
POCAHONTAS-WV,1
BAXTER-AR,1
DOOLY-GA,1
DEKALB-TN,1
RICHLAND-WI,3
ANDERSON-SC,8
FRANKLIN-IA,1
WOODFORD-IL,3
GEAUGA-OH,48
SNOHOMISH-WA,37
PACIFIC-WA,1
RUTLAND-VT,8
DAVIDSON-TN,51
GRAYSON-KY,6
CARROLL-KY,1
RIO GRANDE-CO,1
GRANT-SD,1
SUMMERS-WV,1
THURSTON-NE,1
CUMBERLAND-NJ,6
SAN BERNARDINO-CA,85
COAHOMA-MS,3
LEE-AL,7
SCOTT-IN,1
YAMHILL-OR,8
CLAY-SD,1
DARLINGTON-SC,6
PLYMOUTH-IA,2
BERRIEN-MI,15
MERCER-WV,1
KEITH-NE,2
JOHNSON-NE,1
CHAMPAIGN-OH,2
LASSEN-CA,3
CLAIBORNE-TN,4
JACKSON-OK,1
HARDIN-KY,3
POLK-NE,1
MONROE-NY,43
MAHONING-OH,13
HARRISON-MO,1
COLUMBIA-GA,6
TALLAPOOSA-AL,1
ASHLAND-WI,1
RUSK-WI,2
NICOLLET-MN,6
GARFIELD-UT,1
COCKE-TN,1
WAUPACA-WI,9
SUSQUEHANNA-PA,1
PENNINGTON-MN,2
ROUTT-CO,2
BENTON-IA,1
ANTRIM-MI,1
KANAWHA-WV,9
LAKE-IL,57
GREENE-MO,16
DAWSON-MT,1
YELLOWSTONE-MT,11
AUTAUGA-AL,6
KNOX-IN,3
NEWAYGO-MI,3
YATES-NY,12
OTSEGO-NY,5
WASHINGTON-OH,4
KLICKITAT-WA,3
POTTAWATOMIE-KS,1
CRAWFORD-WI,3
HUNTINGDON-PA,6
ITASCA-MN,3
WOLFE-KY,1
WARREN-IL,1
LITCHFIELD-CT,20
GALLIA-OH,1
BERNALILLO-MN,1
HALL-GA,7
LAWRENCE-TN,9
FOREST-PA,2
CARBON-PA,4
CLAY-KY,4
HILLSBOROUGH-NH,67
COLUSA-CA,1
BRISTOL-RI,7
DORCHESTER-SC,6
CLARK-OH,8
FRANKLIN-WA,4
WINDHAM-VT,13
CALUMET-WI,6
GARFIELD-OK,4
RICHLAND-SC,27
WYOMING-NY,3
CLALLAM-WA,4
HINDS-MS,22
CLINTON-IN,1
FULTON-IN,1
WASHINGTON-OR,51
CURRY-OR,1
LINCOLN-KY,1
WINNESHIEK-IA,4
KINGS-NY,226
RIO ARRIBA-NM,2
GLOUCESTER-NJ,19
BANNOCK-ID,3
COBB-GA,53
BARTOW-GA,5
BALDWIN-AL,9
DAVIESS-IN,19
NYE-NV,2
CHARLEVOIX-MI,1
GAGE-NE,2
THAYER-NE,1
CONWAY-AR,1
HOWARD-MO,1
OSAGE-MO,6
FLOYD-IN,4
CLAY-IN,2
GREENWOOD-SC,3
PORTAGE-OH,4
SCIOTO-OH,2
STEVENS-KS,1
NESS-KS,1
MORGAN-MO,2
HENRY-MO,3
EVANS-GA,1
STONE-MS,1
BLOUNT-AL,2
COTTONWOOD-MN,1
MINNEHAHA-SD,13
LINN-IA,14
LINCOLN-WA,1
YOLO-CA,11
PLUMAS-CA,2
MARSHALL-KS,1
MIAMI-DADE-FL,391
DIXIE-FL,1
PEACH-GA,1
ATTALA-MS,1
LOWNDES-MS,3
PEPIN-WI,3
PHELPS-NE,1
SAN JUAN-UT,2
COLUMBIANA-OH,4
VALLEY-ID,2
HENDERSON-TN,2
DEKALB-IN,2
POLK-IA,19
BOONE-IA,3
PALO ALTO-IA,1
DUTCHESS-NY,26
PASSAIC-NJ,43
NODAWAY-MO,2
BUTTS-GA,1
HOWARD-IN,6
CALLOWAY-KY,1
DELTA-MI,2
DICKINSON-MI,3
ANTELOPE-NE,2
PIKE-OH,2
KOOTENAI-ID,18
GILMER-GA,2
BALDWIN-GA,2
SCREVEN-GA,1
TALLADEGA-AL,2
DUBOIS-IN,2
BRACKEN-KY,1
OGEMAW-MI,1
SEBASTIAN-AR,9
DOUGLAS-MO,1
BAY-FL,7
JASPER-GA,2
GREENE-TN,5
JEFFERSON-AL,52
COCHISE-AZ,3
PIKE-PA,1
HUGHES-SD,1
LANCASTER-NE,27
CRITTENDEN-AR,2
ADAMS-WA,1
CHITTENDEN-VT,17
RILEY-KS,1
FRANKLIN-IN,2
SHEBOYGAN-WI,14
COLUMBIA-WI,11
COOS-OR,5
MONTGOMERY-PA,136
KINGFISHER-OK,2
AITKIN-MN,1
WASHINGTON-IA,1
LOGAN-WV,1
DUPAGE-IL,88
WASHINGTON-KS,2
JOHNSON-MO,1
HOLMES-FL,1
ST. JOHNS-FL,15
HARALSON-GA,1
COFFEE-GA,2
DEARBORN-IN,3
GIBSON-IN,3
PINE-MN,1
JEFFERSON-CO,31
ALGER-MI,1
MONMOUTH-NJ,61
MERIWETHER-GA,1
WARD-ND,3
MANITOWOC-WI,16
PARK-WY,1
JO DAVIESS-IL,2
RICHMOND-NY,35
SENECA-NY,2
KNOX-OH,3
MARIN-CA,35
MUSCOGEE-GA,11
UNION-MS,1
GREEN LAKE-WI,6
CRAWFORD-PA,36
WASHINGTON-IL,4
TAYLOR-KY,2
BLACK HAWK-IA,9
LEE-IA,4
ADAMS-OH,1
RANDOLPH-MO,2
FILLMORE-MN,3
CHAMPAIGN-IL,17
ALAMEDA-CA,120
NEOSHO-KS,2
WYANDOTTE-KS,9
HENRY-GA,14
LINCOLN-MT,5
NESHOBA-MS,1
VILAS-WI,2
LYON-IA,3
ALLEGAN-MI,9
NASSAU-FL,3
LEVY-FL,3
JOHNSON-TN,1
FOUNTAIN-IN,1
HAMPSHIRE-MA,11
SIBLEY-MN,4
DELTA-CO,2
ROCKLAND-NY,50
WAKULLA-FL,3
LIVINGSTON-MI,7
KNOX-NE,2
BUFFALO-NE,3
SEVIER-UT,2
LYON-KS,2
DECATUR-GA,1
RACINE-WI,21
BELTRAMI-MN,4
WILL-IL,52
ADAIR-OK,2
MARION-IL,3
MERCER-NJ,32
TAYLOR-FL,2
TUNICA-MS,1
GARFIELD-CO,5
CEDAR-IA,1
MECOSTA-MI,1
GLADWIN-MI,4
CHERRY-NE,1
JEFFERSON-NE,1
SALINE-AR,3
WAYNE-OH,71
ASHLAND-OH,5
SUMNER-KS,2
CHEATHAM-TN,2
STARK-ND,6
BIBB-AL,1
JENNINGS-IN,2
EAU CLAIRE-WI,13
LYCOMING-PA,14
SHELBY-KY,1
SULLIVAN-NH,7
WASHTENAW-MI,25
LAPEER-MI,3
BRAXTON-WV,2
GILMER-WV,1
HIGHLAND-OH,2
WALWORTH-WI,14
SAWYER-WI,2
BEAVER-PA,9
PIERCE-NE,3
PIKE-IL,1
BROWN-OH,2
BURLINGTON-NJ,32
COOPER-MO,3
GWINNETT-GA,46
PIERCE-ND,1
PARKE-IN,8
LINCOLN-SD,3
GOGEBIC-MI,2
DAVIS-UT,9
MCKINLEY-NM,5
SHELBY-MO,2
RICHLAND-MT,1
DYER-TN,3
VERNON-WI,7
COLUMBIA-OR,3
GRADY-OK,1
ROCK-MN,2
LAKE-CO,1
OCONEE-SC,7
BREMER-IA,2
CLAYTON-IA,1
GENESEE-MI,18
MARION-WV,2
GREENE-IL,1
CONTRA COSTA-CA,89
AMADOR-CA,2
LAURENS-GA,2
PEARL RIVER-MS,4
MADISON-TN,10
ESCAMBIA-AL,3
STEVENS-MN,1
EDGEFIELD-SC,1
MACON-IL,5
DONA ANA-NM,6
OKANOGAN-WA,5
CALAVERAS-CA,1
MONROE-PA,10
RENVILLE-MN,2
JONES-IA,2
WAYNE-NE,2
WALLA WALLA-WA,8
FRANKLIN-KS,1
COOK-GA,1
BARNES-ND,1
DEKALB-AL,2
MILWAUKEE-WI,128
SHERIDAN-WY,3
MORGAN-IL,3
PULASKI-IL,1
HERKIMER-NY,3
CHELAN-WA,6
MARIPOSA-CA,1
LEE-MS,8
MARION-IN,78
LAWRENCE-MO,4
APPLING-GA,1
LANE-OR,27
MAHASKA-IA,2
PAYETTE-ID,1
MACON-GA,3
RUTHERFORD-TN,14
BRYAN-OK,1
FLORENCE-SC,10
ALPENA-MI,2
SHELBY-OH,2
BUTTE-CA,9
UNION-FL,1
GLACIER-MT,2
LINCOLN-MS,2
COCONINO-AZ,5
WABASH-IN,2
CLEVELAND-OK,10
ANDERSON-KY,1
INGHAM-MI,17
LAKE-IN,29
RICHLAND-IL,3
SAN JUAN-WA,5
BINGHAM-ID,1
FULTON-GA,92
PIKE-AL,2
LINN-OR,6
BOYD-KY,1
BRULE-SD,1
PICKENS-SC,4
KANE-IL,39
JEFFERSON-IL,1
SISKIYOU-CA,3
PIKE-MO,2
DOUGHERTY-GA,5
JACKSON-AL,2
IOWA-WI,1
SARATOGA-NY,12
AUDRAIN-MO,4
DAVIESS-KY,7
TODD-SD,2
LORAIN-OH,17
UNION-OH,1
WINSTON-MS,2
LIMESTONE-AL,3
WALLOWA-OR,1
GREENUP-KY,1
NICHOLAS-WV,3
OGLE-IL,2
LASALLE-IL,8
NEW LONDON-CT,17
TOLLAND-CT,3
WARREN-MO,4
OKALOOSA-FL,6
BIBB-GA,14
CLAY-MS,1
SEQUATCHIE-TN,1
SHELBY-AL,13
POTTAWATOMIE-OK,2
FREMONT-CO,2
CHESTER-SC,1
JEFFERSON-IA,1
ALBANY-NY,27
BERNALILLO-NM,48
SEVIER-TN,5
MIFFLIN-PA,32
VALLEY-NE,1
MOULTRIE-IL,1
SENECA-OH,1
IDAHO-ID,2
BUTLER-KS,2
MCPHERSON-KS,2
FENTRESS-TN,1
PERRY-IN,1
MORGAN-CO,3
PENNINGTON-SD,11
DECATUR-IA,1
JACKSON-OH,2
KITTITAS-WA,2
VERNON-MO,2
LOUDON-TN,2
MUSKOGEE-OK,3
KOSSUTH-IA,2
CLINTON-IL,4
BROOME-NY,10
LONOKE-AR,1
PROVIDENCE-RI,51
MONROE-TN,2
EAGLE-CO,5
ADAMS-CO,17
JASPER-IA,1
RANDOLPH-WV,5
SANTA BARBARA-CA,28
CAPE GIRARDEAU-MO,8
LAUDERDALE-MS,3
HENDRICKS-IN,2
LEHIGH-PA,36
OKLAHOMA-OK,32
TAZEWELL-IL,9
ALLEN-OH,9
GRAND FORKS-ND,3
TUSCALOOSA-AL,8
COMANCHE-OK,3
POWESHIEK-IA,1
CLINTON-MI,4
KITSAP-WA,20
SONOMA-CA,31
ELLIS-KS,4
CRAWFORD-KS,2
WASHINGTON-RI,8
SCHUYLKILL-PA,10
RAMSEY-MN,44
QUEENS-NY,125
WASHINGTON-VT,9
SEWARD-KS,1
LOWNDES-AL,1
JACKSON-WI,1
WASCO-OR,2
DAVISON-SD,2
CATTARAUGUS-NY,17
LUCAS-OH,28
PALM BEACH-FL,97
HOT SPRINGS-WY,1
HARRISON-KY,1
LAKE-SD,2
CASS-MI,1
CUYAHOGA-OH,104
SUWANNEE-FL,5
CHEROKEE-GA,14
APACHE-AZ,3
MOWER-MN,2
ABBEVILLE-SC,3
DOUGLAS-IL,6
MACOUPIN-IL,1
TIOGA-NY,2
LATAH-ID,3
RIPLEY-MO,1
INDIAN RIVER-FL,8
WAYNE-GA,1
BUTLER-AL,1
TAYLOR-WI,4
OLDHAM-KY,2
SANILAC-MI,2
MADISON-NE,10
ONEIDA-NY,5
CHENANGO-NY,2
BELMONT-OH,7
LEWIS-WA,2
ORANGE-VT,3
LINN-MO,2
PULASKI-MO,2
CITRUS-FL,4
FAYETTE-TN,3
WOOD-WI,13
LAKE-OR,1
ERIE-PA,22
SWEETWATER-WY,2
SUSSEX-DE,11
POTTAWATTAMIE-IA,3
FLOYD-IA,1
MERCER-PA,29
SIERRA-NM,1
LOS ALAMOS-NM,2
MASON-WA,2
FINNEY-KS,3
HART-GA,2
WALKER-AL,1
PUTNAM-NY,5
OTTAWA-OH,4
LAWRENCE-OH,2
GRANT-WA,5
BLAINE-ID,2
COLE-MO,14
SUNFLOWER-MS,2
DAKOTA-MN,26
BARRY-MI,3
LEWIS-WV,1
VERMILION-IL,3
BOLIVAR-MS,2
CHAMBERS-AL,4
MOFFAT-CO,1
GRAND-UT,1
JACKSON-FL,1
CHOCTAW-MS,1
WARREN-TN,5
GRANT-ND,1
MONROE-AL,1
WORCESTER-MA,59
ROWAN-KY,3
JEFFERSON-NY,3
PIERCE-WA,36
MONROE-FL,5
DUVAL-FL,113
BROWN-WI,23
WOODWARD-OK,1
COLUMBIA-AR,1
LAFAYETTE-FL,1
SPALDING-GA,3
CUMBERLAND-TN,3
MARINETTE-WI,6
OSAGE-OK,1
ALAMOSA-CO,1
STRAFFORD-NH,13
PERRY-IL,2
ASHTABULA-OH,23
EDDY-NM,1
HENDRY-FL,2
HANCOCK-GA,1
GRANT-IN,2
LAWRENCE-PA,10
BEADLE-SD,1
WARREN-IA,3
SAUNDERS-NE,2
WARREN-OH,15
WRIGHT-MO,4
ST. LUCIE-FL,24
MACON-AL,1
HENRY-AL,1
OGLALA LAKOTA-SD,3
MCHENRY-IL,16
ONONDAGA-NY,25
TEHAMA-CA,3
PIKE-GA,3
MARQUETTE-WI,2
JUNIATA-PA,16
FLOYD-KY,2
CHAFFEE-CO,2
FAIRFIELD-SC,2
HILLSDALE-MI,7
MADISON-NY,2
CLINTON-NY,3
CLEBURNE-AR,1
DEFIANCE-OH,1
MARTIN-FL,8
UMATILLA-OR,4
BUCKS-PA,87
WILKIN-MN,1
EL PASO-CO,25
PARK-CO,1
WELD-CO,7
O'BRIEN-IA,4
MASON-MI,2
CHEMUNG-NY,5
NEZ PERCE-ID,5
MILLER-MO,1
GRUNDY-MO,1
SEMINOLE-FL,48
COLUMBIA-FL,11
PERRY-AL,1
MAUI-HI,16
DODGE-MN,2
PUEBLO-CO,8
CALHOUN-SC,2
COOK-IL,448
KING-WA,197
MONITEAU-MO,3
RABUN-GA,1
RICHLAND-ND,1
KAUAI-HI,5
MONROE-WI,9
ROCK-WI,11
SCOTT-KY,4
COLUMBIA-NY,4
MERCER-OH,1
NEWTON-MO,1
CHRISTIAN-MO,1
CLARK-MO,1
LAFAYETTE-MS,3
FRANKLIN-TN,3
ADAMS-IN,37
CHURCHILL-NV,2
DOUGLAS-NV,5
PLYMOUTH-MA,25
LAURENS-SC,1
BOX BUTTE-NE,2
FRANKLIN-VT,1
JEFFERSON-GA,2
KENOSHA-WI,10
BRECKINRIDGE-KY,2
TELLER-CO,1
GARLAND-AR,6
FRANKLIN-OH,78
CANYON-ID,9
SARASOTA-FL,32
WARREN-MS,3
MOBILE-AL,36
DODGE-WI,17
NEW CASTLE-DE,55
MAHNOMEN-MN,1
MIDLAND-MI,6
LENAWEE-MI,5
CLAY-WV,1
HAMPSHIRE-WV,1
SALINE-NE,2
EFFINGHAM-IL,4
WINDSOR-VT,4
SHOSHONE-ID,1
BONNER-ID,8
MERCER-MO,2
WHITE-GA,1
DAUPHIN-PA,43
TODD-MN,5
KALAMAZOO-MI,14
FAYETTE-WV,5
WHITE-AR,7
WEBSTER-MO,23
WALTON-GA,8
COPIAH-MS,1
CHOCTAW-AL,2
TREMPEALEAU-WI,8
JEFFERSON-PA,15
MEEKER-MN,2
UNION-IA,2
CHAUTAUQUA-NY,13
SACRAMENTO-CA,80
OSCEOLA-FL,25
OCONEE-GA,3
CLACKAMAS-OR,27
SHERBURNE-MN,3
BENTON-MN,5
MASON-KY,1
PIKE-KY,3
SIMPSON-KY,2
WOOD-WV,5
DOUGLAS-NE,49
MONTGOMERY-IL,2
RICHLAND-OH,7
HERNANDO-FL,12
MONTOUR-PA,4
WABAUNSEE-KS,1
FLAGLER-FL,5
NAVAJO-AZ,10
RIPLEY-IN,4
KANDIYOHI-MN,2
CLAY-MN,2
SUMMIT-CO,1
SALUDA-SC,2
LEXINGTON-SC,10
BUTLER-NE,2
PIATT-IL,2
CAYUGA-NY,8
BUTLER-OH,19
FAYETTE-OH,1
CALEDONIA-VT,10
MENDOCINO-CA,4
MONTGOMERY-KS,4
LEON-FL,28
MURRAY-GA,3
BULLOCK-AL,1
PORTER-IN,11
CLAY-IA,2
VAN BUREN-MI,6
SANDUSKY-OH,6
SKAGIT-WA,7
TUOLUMNE-CA,4
TULARE-CA,12
NEMAHA-KS,1
SALINE-MO,2
BRYAN-GA,1
MISSOULA-MT,12
MARSHALL-MS,3
DOOR-WI,3
SHELBY-IA,1
GREENBRIER-WV,3
VALENCIA-NM,3
FERRY-WA,1
ELMORE-ID,4
DOUGLAS-KS,7
HABERSHAM-GA,3
HAMILTON-IN,26
ONEIDA-WI,2
PHILADELPHIA-PA,127
MUHLENBERG-KY,1
MONTROSE-CO,2
YORK-SC,10
HURON-OH,7
GLYNN-GA,5
JASPER-MS,2
MONTGOMERY-TN,8
CLARKE-AL,1
POLK-WI,1
WASHINGTON-OK,3
BERKELEY-SC,8
OSWEGO-NY,2
WYANDOT-OH,2
BONNEVILLE-ID,6
KINGMAN-KS,1
RANKIN-MS,6
BLEDSOE-TN,1
HENDERSON-KY,1
POCAHONTAS-IA,1
MUSKINGUM-OH,6
LOS ANGELES-CA,745
JASPER-MO,6
TROUP-GA,6
WAYNE-TN,1
WASHOE-NV,27
HOUSTON-MN,3
OWEN-KY,1
MISSAUKEE-MI,1
WHITMAN-WA,3
ADA-ID,30
YUBA-CA,1
DECATUR-TN,1
GREENE-AL,1
KOSCIUSKO-IN,14
BERKSHIRE-MA,17
WESTMORELAND-PA,24
LINCOLN-NE,2
WOOD-OH,6
VINTON-OH,1
ESCAMBIA-FL,28
TREUTLEN-GA,1
MARION-MS,2
BEDFORD-TN,2
DECATUR-IN,2
BENTON-OR,7
NORFOLK-MA,64
NOBLES-MN,2
SPARTANBURG-SC,11
BAMBERG-SC,1
JOHNSON-IA,8
GREENE-AR,2
DELAWARE-OH,13
SAN MATEO-CA,68
WALKER-GA,1
HOUSTON-AL,5
KLAMATH-OR,3
MONROE-KY,1
LAMOILLE-VT,2
DAVIESS-MO,8
BRADFORD-FL,3
SILVER BOW-MT,3
NATRONA-WY,5
MORGAN-KY,1
NEWBERRY-SC,1
DES MOINES-IA,3
EMMET-MI,2
MARION-OH,1
CURRY-NM,1
WEBSTER-MS,1
BLOUNT-TN,7
JAY-IN,5
DUBUQUE-IA,12
IONIA-MI,4
KENDALL-IL,6
RENO-KS,5
GEARY-KS,1
CARROLL-GA,3
HAMILTON-TN,35
DELAWARE-PA,74
IRON-UT,2
BENNINGTON-VT,10
MIDDLESEX-NJ,64
LAKE-CA,5
BARROW-GA,2
MONROE-MS,1
RUSSELL-AL,2
SANTA CRUZ-AZ,1
RUSH-IN,3
SAGINAW-MI,18
KANKAKEE-IL,6
WAYNE-IL,1
TOMPKINS-NY,5
GLADES-FL,1
SOMERSET-PA,21
CARROLL-IA,1
HANCOCK-IA,1
GRANT-WV,3
LOGAN-AR,2
ST. FRANCIS-AR,1
BENTON-MO,3
NEW MADRID-MO,1
MONROE-GA,1
FERGUS-MT,2
HENRY-TN,1
ESSEX-MA,60
LEBANON-PA,13
HENRY-IA,1
HOLT-NE,2
TOOELE-UT,2
WESTCHESTER-NY,83
POLK-FL,45
SUMTER-GA,1
CHESTER-TN,1
RANDOLPH-IN,1
BARNSTABLE-MA,16
LANCASTER-PA,203
OTTER TAIL-MN,6
CASEY-KY,3
BARBOUR-WV,1
SULLIVAN-NY,7
CLERMONT-OH,12
DUNKLIN-MO,2
HARDEE-FL,2
CLINTON-PA,20
CHOCTAW-OK,1
FREEBORN-MN,2
ROCKINGHAM-NH,31
MONONGALIA-WV,8
FORD-IL,1
LIVINGSTON-NY,2
SAN JOAQUIN-CA,28
EL DORADO-CA,9
MARION-FL,29
NEWTON-GA,2
TATE-MS,1
BLAIR-PA,18
BECKER-MN,2
JACKSON-IA,2
IOSCO-MI,3
MILLARD-UT,1
MORROW-OH,1
MACON-MO,2
LEE-FL,35
ALCORN-MS,1
HAMBLEN-TN,5
CRENSHAW-AL,1
LOGAN-KY,3
MACOMB-MI,32
MILLER-AR,1
LOGAN-OH,1
SHASTA-CA,9
CAMDEN-GA,3
ROCKDALE-GA,3
LAMAR-MS,6
WHITE-TN,2
PERRY-TN,2
GREENE-PA,2
ROGERS-OK,3
MANISTEE-MI,2
CLARE-MI,3
CHIPPEWA-MI,3
CALHOUN-IL,2
STEVENS-WA,4
CASS-MO,5
JACKSON-IN,7
GOODHUE-MN,3
ULSTER-NY,13
DARKE-OH,2
ORANGE-CA,249
SAN DIEGO-CA,185
ATCHISON-KS,4
JEFFERSON DAVIS-MS,1
MIAMI-IN,1
SWITZERLAND-IN,1
ANOKA-MN,23
KOOCHICHING-MN,1
SAN MIGUEL-CO,1
HOWARD-IA,2
GRAFTON-NH,13
NEW YORK-NY,138
BOONE-AR,3
COSHOCTON-OH,15
SAN LUIS OBISPO-CA,19
PHELPS-MO,1
BRADLEY-TN,6
HUMPHREYS-TN,2
STUTSMAN-ND,4
CLARK-IN,4
LA CROSSE-WI,19
KENTON-KY,17
YANKTON-SD,3
STEUBEN-NY,5
CLAY-FL,19
DALE-AL,1
GRAVES-KY,2
PEORIA-IL,24
SANPETE-UT,1
UTAH-UT,16
HUDSON-NJ,33
BOURBON-KS,3
BREVARD-FL,63
MADISON-MS,6
GRUNDY-TN,2
STEUBEN-IN,1
JOHNSON-WY,1
CARVER-MN,13
CHRISTIAN-KY,5
ADAMS-IL,8
SUFFOLK-NY,59
SCHENECTADY-NY,7
BARTON-KS,3
MONTGOMERY-MO,1
GREENE-GA,1
PICKENS-AL,1
ORANGEBURG-SC,5
BRANCH-MI,5
NIAGARA-NY,9
PANOLA-MS,1
ELMORE-AL,5
KEWAUNEE-WI,7
LYON-MN,4
HAMLIN-SD,1
WARREN-PA,12
SCHOHARIE-NY,2
RIVERSIDE-CA,95
HILL-MT,1
TILLAMOOK-OR,3
JEFFERSON-WV,3
GRUNDY-IL,1
DEKALB-IL,5
NASSAU-NY,92
JACKSON-MS,5
ROBERTSON-TN,3
LAGRANGE-IN,29
CERRO GORDO-IA,2
RALEIGH-WV,6
ST. CLAIR-IL,19
BRONX-NY,61
MARIES-MO,1
OKTIBBEHA-MS,2
CARTER-TN,1
COFFEE-TN,1
VANDERBURGH-IN,15
PIERCE-WI,4
VENANGO-PA,9
WYOMING-PA,2
MASON-WV,2
BUREAU-IL,2
WARREN-NJ,5
NEWPORT-RI,6
LAPORTE-IN,8
WINNEBAGO-WI,16
CLEARFIELD-PA,11
OAKLAND-MI,95
MEDINA-OH,8
FORREST-MS,4
BUTLER-PA,21
MADISON-KY,2
WASHINGTON-NY,2
SAN MIGUEL-NM,2
PEND OREILLE-WA,1
THURSTON-WA,17
JASPER-SC,3
CHARLESTON-SC,37
WHITESIDE-IL,6
HOLMES-OH,98
HARDIN-OH,9
LEFLORE-MS,4
JEFFERSON-WI,22
FAYETTE-IA,2
DAWES-NE,2
SARPY-NE,5
THOMAS-GA,1
CLAYTON-GA,8
WASHINGTON-PA,13
LEE-SC,1
HAMPTON-SC,1
BERKELEY-WV,4
HANCOCK-OH,1
PICKAWAY-OH,2
HOWELL-MO,1
LACKAWANNA-PA,23
IOWA-IA,1
CARROLL-NH,3
HANCOCK-WV,3
DAWSON-NE,1
ALLEGANY-NY,5
UNION-AR,2
CARROLL-MS,1
VIGO-IN,6
MALHEUR-OR,2
HAMILTON-IA,1
