County-State,SVI
GRUNDY-IL,0.0844
MOULTRIE-IL,0.2949
MENARD-IL,0.0484
DUPAGE-IL,0.1611
MCLEAN-IL,0.1904
WASHINGTON-IL,0.0653
ADAMS-IL,0.249
WOODFORD-IL,0.0188
HENDERSON-IL,0.0669
CLINTON-IL,0.1787
BUREAU-IL,0.2863
JO DAVIESS-IL,0.0525
MARSHALL-IL,0.0545
MERCER-IL,0.1134
HAMILTON-IL,0.1529
CLARK-IL,0.2073
STARK-IL,0.0634
GREENE-IL,0.1952
LOGAN-IL,0.2271
PIATT-IL,0.0032
JERSEY-IL,0.1041
JASPER-IL,0.2417
CARROLL-IL,0.1682
CALHOUN-IL,0.1901
HENRY-IL,0.201
MACOUPIN-IL,0.1987
MCHENRY-IL,0.0701
TAZEWELL-IL,0.107
MASON-IL,0.2946
EFFINGHAM-IL,0.199
WILL-IL,0.2022
LEE-IL,0.301
FORD-IL,0.3051
SHELBY-IL,0.085
KENDALL-IL,0.1398
CHRISTIAN-IL,0.2408
OGLE-IL,0.2917
MONROE-IL,0.0016
PUTNAM-IL,0.0277
HANCOCK-IL,0.1232
DE WITT-IL,0.129
CUMBERLAND-IL,0.1627
MADISON-IL,0.2965
SCOTT-IL,0.1354
EDWARDS-IL,0.2443
WABASH-IL,0.3207
WHITESIDE-IL,0.3283
LAKE-IL,0.3513
IROQUOIS-IL,0.3404
PIKE-IL,0.3494
EDGAR-IL,0.3433
BOND-IL,0.3732
CRAWFORD-IL,0.3838
MONTGOMERY-IL,0.3914
GALLATIN-IL,0.4538
LASALLE-IL,0.4303
RANDOLPH-IL,0.4567
BOONE-IL,0.4697
HARDIN-IL,0.5019
WAYNE-IL,0.4331
STEPHENSON-IL,0.5
KANE-IL,0.4169
DOUGLAS-IL,0.4439
CHAMPAIGN-IL,0.499
BROWN-IL,0.4745
MORGAN-IL,0.5045
JOHNSON-IL,0.4624
LIVINGSTON-IL,0.4841
DEKALB-IL,0.4866
MCDONOUGH-IL,0.5166
COLES-IL,0.4978
WILLIAMSON-IL,0.4806
RICHLAND-IL,0.4105
POPE-IL,0.4545
SANGAMON-IL,0.4357
FRANKLIN-IL,0.6092
WARREN-IL,0.6073
WHITE-IL,0.5382
FAYETTE-IL,0.5949
ST. CLAIR-IL,0.5229
SCHUYLER-IL,0.5707
MACON-IL,0.5971
PEORIA-IL,0.6131
FULTON-IL,0.5761
CLAY-IL,0.6115
KANKAKEE-IL,0.6656
PERRY-IL,0.6487
KNOX-IL,0.6462
COOK-IL,0.6755
ROCK ISLAND-IL,0.7137
PULASKI-IL,0.6943
JACKSON-IL,0.7045
CASS-IL,0.6971
UNION-IL,0.6844
WINNEBAGO-IL,0.7204
MARION-IL,0.7385
MASSAC-IL,0.7513
JEFFERSON-IL,0.8108
VERMILION-IL,0.8131
LAWRENCE-IL,0.7783
SALINE-IL,0.8637
ALEXANDER-IL,0.9573
CAMERON-LA,0.2643
ST. TAMMANY-LA,0.3105
ST. CHARLES-LA,0.3529
ASCENSION-LA,0.3968
LIVINGSTON-LA,0.4309
BOSSIER-LA,0.5876
JEFFERSON-LA,0.6121
ST. JAMES-LA,0.6299
LAFAYETTE-LA,0.6217
GRANT-LA,0.6274
WEST CARROLL-LA,0.6685
BEAUREGARD-LA,0.6519
EAST BATON ROUGE-LA,0.6653
PLAQUEMINES-LA,0.7061
WEST FELICIANA-LA,0.6901
VERNON-LA,0.7433
CALCASIEU-LA,0.7392
ORLEANS-LA,0.7449
ST. JOHN THE BAPTIST-LA,0.7468
ASSUMPTION-LA,0.779
EAST FELICIANA-LA,0.8185
LASALLE-LA,0.7634
JEFFERSON DAVIS-LA,0.8105
CADDO-LA,0.8385
VERMILION-LA,0.8201
WEST BATON ROUGE-LA,0.7611
CATAHOULA-LA,0.7806
TENSAS-LA,0.8366
LAFOURCHE-LA,0.7669
ST. BERNARD-LA,0.7713
UNION-LA,0.808
RED RIVER-LA,0.8137
SABINE-LA,0.8315
WINN-LA,0.7755
ST. MARTIN-LA,0.7831
JACKSON-LA,0.9382
DE SOTO-LA,0.8917
CALDWELL-LA,0.9331
LINCOLN-LA,0.8478
NATCHITOCHES-LA,0.8573
BIENVILLE-LA,0.9401
ST. MARY-LA,0.9162
ST. LANDRY-LA,0.922
EAST CARROLL-LA,0.9357
WEBSTER-LA,0.879
CLAIBORNE-LA,0.9478
ACADIA-LA,0.9182
OUACHITA-LA,0.8522
FRANKLIN-LA,0.9519
RICHLAND-LA,0.8554
IBERVILLE-LA,0.886
TANGIPAHOA-LA,0.8885
MOREHOUSE-LA,0.8847
CONCORDIA-LA,0.9134
POINTE COUPEE-LA,0.8475
TERREBONNE-LA,0.8952
RAPIDES-LA,0.9086
ALLEN-LA,0.9261
ST. HELENA-LA,0.9
IBERIA-LA,0.9605
AVOYELLES-LA,0.9634
MADISON-LA,0.9697
EVANGELINE-LA,0.9975
WASHINGTON-LA,0.9962
KALAWAO-HI,0.3162
KAUAI-HI,0.3099
MAUI-HI,0.3879
HONOLULU-HI,0.472
HAWAII-HI,0.5771
SKAMANIA-WA,0.2194
SAN JUAN-WA,0.0863
SNOHOMISH-WA,0.2755
KITSAP-WA,0.2825
KITTITAS-WA,0.2831
GARFIELD-WA,0.1834
JEFFERSON-WA,0.2414
CLARK-WA,0.2857
KING-WA,0.2854
LINCOLN-WA,0.1984
WAHKIAKUM-WA,0.1809
ISLAND-WA,0.1857
COLUMBIA-WA,0.3146
THURSTON-WA,0.3299
ASOTIN-WA,0.4248
WHITMAN-WA,0.5108
BENTON-WA,0.514
WHATCOM-WA,0.4541
SPOKANE-WA,0.4825
STEVENS-WA,0.4615
SKAGIT-WA,0.5382
CLALLAM-WA,0.6146
PEND OREILLE-WA,0.536
KLICKITAT-WA,0.5723
MASON-WA,0.6382
WALLA WALLA-WA,0.6831
CHELAN-WA,0.678
PACIFIC-WA,0.736
GRAYS HARBOR-WA,0.8392
DOUGLAS-WA,0.7707
FERRY-WA,0.8223
LEWIS-WA,0.7889
COWLITZ-WA,0.7885
YAKIMA-WA,0.9277
FRANKLIN-WA,0.8691
GRANT-WA,0.8452
OKANOGAN-WA,0.9255
ADAMS-WA,0.9621
DOUGLAS-CO,0.015
BROOMFIELD-CO,0.049
LARIMER-CO,0.1194
HINSDALE-CO,0.0624
ARCHULETA-CO,0.257
MINERAL-CO,0.0261
WASHINGTON-CO,0.2822
GILPIN-CO,0.0022
ELBERT-CO,0.0
GRAND-CO,0.0987
GUNNISON-CO,0.1392
CUSTER-CO,0.2433
ARAPAHOE-CO,0.2662
JEFFERSON-CO,0.0627
ROUTT-CO,0.0634
CHAFFEE-CO,0.2389
CHEYENNE-CO,0.2589
SAN JUAN-CO,0.1283
SAN MIGUEL-CO,0.0331
JACKSON-CO,0.1137
BOULDER-CO,0.1704
CLEAR CREEK-CO,0.0197
DOLORES-CO,0.1516
OURAY-CO,0.0239
SUMMIT-CO,0.0707
TELLER-CO,0.0729
LA PLATA-CO,0.1086
PHILLIPS-CO,0.2955
PITKIN-CO,0.0656
PARK-CO,6.0E-4
EAGLE-CO,0.1369
KIOWA-CO,0.3188
GARFIELD-CO,0.351
RIO BLANCO-CO,0.3401
EL PASO-CO,0.3927
WELD-CO,0.3994
LAKE-CO,0.4452
DENVER-CO,0.4197
LINCOLN-CO,0.4857
KIT CARSON-CO,0.5153
MONTEZUMA-CO,0.4946
MESA-CO,0.5755
YUMA-CO,0.5637
HUERFANO-CO,0.5955
BACA-CO,0.6086
MOFFAT-CO,0.5471
LOGAN-CO,0.628
ADAMS-CO,0.5892
FREMONT-CO,0.6525
MONTROSE-CO,0.7153
SEDGWICK-CO,0.6936
DELTA-CO,0.6866
MORGAN-CO,0.7414
LAS ANIMAS-CO,0.8373
SAGUACHE-CO,0.807
PROWERS-CO,0.9392
PUEBLO-CO,0.8669
CROWLEY-CO,0.893
ALAMOSA-CO,0.9452
COSTILLA-CO,0.9379
BENT-CO,0.8981
CONEJOS-CO,0.9325
OTERO-CO,0.9561
RIO GRANDE-CO,0.9586
SEMINOLE-FL,0.1844
SARASOTA-FL,0.2538
SUMTER-FL,0.236
NASSAU-FL,0.2459
FLAGLER-FL,0.2799
INDIAN RIVER-FL,0.3962
BREVARD-FL,0.3713
OKALOOSA-FL,0.386
CLAY-FL,0.3803
MARTIN-FL,0.399
COLLIER-FL,0.4618
LEON-FL,0.4943
ESCAMBIA-FL,0.4863
ALACHUA-FL,0.4729
CHARLOTTE-FL,0.4889
WAKULLA-FL,0.4032
MONROE-FL,0.4557
VOLUSIA-FL,0.5347
GULF-FL,0.592
PASCO-FL,0.6344
PALM BEACH-FL,0.5592
BROWARD-FL,0.5844
LAKE-FL,0.6029
JEFFERSON-FL,0.5748
HERNANDO-FL,0.549
WALTON-FL,0.5822
CITRUS-FL,0.6022
ORANGE-FL,0.6691
HILLSBOROUGH-FL,0.6701
BAKER-FL,0.6803
DUVAL-FL,0.692
GILCHRIST-FL,0.7567
MARION-FL,0.7535
ST. LUCIE-FL,0.7185
UNION-FL,0.8382
MIAMI-DADE-FL,0.8175
LEVY-FL,0.7793
OSCEOLA-FL,0.8178
FRANKLIN-FL,0.8083
LIBERTY-FL,0.8334
CALHOUN-FL,0.8401
TAYLOR-FL,0.8984
SUWANNEE-FL,0.9424
POLK-FL,0.9035
GLADES-FL,0.9048
WASHINGTON-FL,0.8939
DIXIE-FL,0.8994
HOLMES-FL,0.9347
HIGHLANDS-FL,0.8729
BRADFORD-FL,0.9264
OKEECHOBEE-FL,0.9465
PUTNAM-FL,0.9525
COLUMBIA-FL,0.8596
JACKSON-FL,0.9583
GADSDEN-FL,0.9901
DESOTO-FL,0.9618
MADISON-FL,0.9608
HENDRY-FL,0.9939
LAFAYETTE-FL,0.9806
HAMILTON-FL,0.9908
HARDEE-FL,0.9831
BANNER-NE,0.0041
HOWARD-NE,0.0803
CHERRY-NE,0.2261
ARTHUR-NE,0.0083
FILLMORE-NE,0.0618
MCPHERSON-NE,0.0838
PHELPS-NE,0.1226
POLK-NE,0.1908
KEARNEY-NE,0.0939
OTOE-NE,0.2287
BURT-NE,0.2541
BOYD-NE,0.092
SARPY-NE,0.0971
ANTELOPE-NE,0.1032
LOGAN-NE,0.1073
GAGE-NE,0.1105
GRANT-NE,0.1328
VALLEY-NE,0.1484
HARLAN-NE,0.1239
WASHINGTON-NE,0.0379
SEWARD-NE,0.0468
NANCE-NE,0.0825
FURNAS-NE,0.1825
SIOUX-NE,0.0178
JEFFERSON-NE,0.2185
PLATTE-NE,0.2994
DUNDY-NE,0.3038
LOUP-NE,0.0045
SHERMAN-NE,0.0739
WAYNE-NE,0.0847
WEBSTER-NE,0.1092
NUCKOLLS-NE,0.1736
RED WILLOW-NE,0.2373
KEYA PAHA-NE,0.001
SAUNDERS-NE,0.0424
RICHARDSON-NE,0.1025
MERRICK-NE,0.1975
WHEELER-NE,0.0048
BOONE-NE,0.0283
HOOKER-NE,0.1468
THOMAS-NE,0.0035
GOSPER-NE,0.0051
ROCK-NE,0.0092
HAYES-NE,0.0436
BROWN-NE,0.1252
CHASE-NE,0.1551
DEUEL-NE,0.165
GARDEN-NE,0.0143
BUTLER-NE,0.1172
CUMING-NE,0.1936
PIERCE-NE,0.0229
GREELEY-NE,0.0411
DAWES-NE,0.1717
YORK-NE,0.1828
HITCHCOCK-NE,0.1943
KEITH-NE,0.2268
CASS-NE,0.0108
BLAINE-NE,0.0908
PAWNEE-NE,0.2318
HAMILTON-NE,0.0089
CEDAR-NE,0.0121
GARFIELD-NE,0.043
PERKINS-NE,0.0538
STANTON-NE,0.057
FRANKLIN-NE,0.0768
FRONTIER-NE,0.0994
CLAY-NE,0.1646
CUSTER-NE,0.1818
THAYER-NE,0.058
HOLT-NE,0.0981
CHEYENNE-NE,0.121
NEMAHA-NE,0.1659
BUFFALO-NE,0.2656
LANCASTER-NE,0.3025
KNOX-NE,0.3277
BOX BUTTE-NE,0.3586
LINCOLN-NE,0.3675
ADAMS-NE,0.3592
DIXON-NE,0.379
MADISON-NE,0.5105
MORRILL-NE,0.422
DOUGLAS-NE,0.4669
COLFAX-NE,0.5188
DODGE-NE,0.5691
SHERIDAN-NE,0.5968
KIMBALL-NE,0.5611
SCOTTS BLUFF-NE,0.5675
JOHNSON-NE,0.5777
SALINE-NE,0.5978
HALL-NE,0.6701
DAWSON-NE,0.7933
DAKOTA-NE,0.8615
THURSTON-NE,0.8866
NEW CASTLE-DE,0.3761
SUSSEX-DE,0.4019
KENT-DE,0.7268
MATANUSKA-SUSITNA-AK,0.3172
SKAGWAY-AK,0.1685
HAINES-AK,0.207
VALDEZ-CORDOVA-AK,0.2704
JUNEAU CITY AND BOROUGH-AK,0.2987
DENALI-AK,0.101
BRISTOL BAY-AK,0.3525
FAIRBANKS NORTH STAR-AK,0.3446
ANCHORAGE-AK,0.4602
SITKA CITY AND BOROUGH-AK,0.4022
ALEUTIANS WEST-AK,0.4927
HOONAH-ANGOON-AK,0.4178
KETCHIKAN GATEWAY-AK,0.5548
YAKUTAT CITY AND BOROUGH-AK,0.5873
ALEUTIANS EAST-AK,0.5803
SOUTHEAST FAIRBANKS-AK,0.5838
WRANGELL CITY AND BOROUGH-AK,0.5618
PETERSBURG-AK,0.665
KODIAK ISLAND-AK,0.7006
NORTH SLOPE-AK,0.7344
PRINCE OF WALES-HYDER-AK,0.7662
LAKE AND PENINSULA-AK,0.7978
YUKON-KOYUKUK-AK,0.8812
NORTHWEST ARCTIC-AK,0.9354
DILLINGHAM-AK,0.8682
BETHEL-AK,0.9748
WRIGHT-MN,0.0462
CHISAGO-MN,0.0592
GOODHUE-MN,0.1707
MARTIN-MN,0.1933
HUBBARD-MN,0.2051
ROSEAU-MN,0.2478
SCOTT-MN,0.1108
BROWN-MN,0.1274
LAKE-MN,0.1102
RED LAKE-MN,0.1525
CLAY-MN,0.2217
STEVENS-MN,0.2258
AITKIN-MN,0.3083
MEEKER-MN,0.1869
RENVILLE-MN,0.1968
BIG STONE-MN,0.2006
MURRAY-MN,0.1064
MARSHALL-MN,0.1411
ROCK-MN,0.1532
CROW WING-MN,0.1223
MCLEOD-MN,0.1261
FARIBAULT-MN,0.157
COOK-MN,0.2029
WABASHA-MN,0.0589
FILLMORE-MN,0.2169
OLMSTED-MN,0.2599
SHERBURNE-MN,0.0885
ISANTI-MN,0.1022
OTTER TAIL-MN,0.2099
WASECA-MN,0.2503
LINCOLN-MN,0.0666
LAKE OF THE WOODS-MN,0.1576
CARLTON-MN,0.2666
BLUE EARTH-MN,0.2838
ANOKA-MN,0.1404
DOUGLAS-MN,0.0446
LAC QUI PARLE-MN,0.1006
LE SUEUR-MN,0.1146
SIBLEY-MN,0.1315
PENNINGTON-MN,0.3016
HOUSTON-MN,0.0185
WASHINGTON-MN,0.0682
NICOLLET-MN,0.2513
KANABEC-MN,0.2841
GRANT-MN,0.0946
WINONA-MN,0.2115
STEELE-MN,0.3013
BECKER-MN,0.299
JACKSON-MN,0.0306
POPE-MN,0.0315
DODGE-MN,0.0573
MORRISON-MN,0.2682
HENNEPIN-MN,0.3092
CARVER-MN,0.0124
DAKOTA-MN,0.1207
REDWOOD-MN,0.2293
KITTSON-MN,0.0997
WILKIN-MN,0.1924
TRAVERSE-MN,0.2602
SWIFT-MN,0.3213
YELLOW MEDICINE-MN,0.3344
CHIPPEWA-MN,0.3522
NORMAN-MN,0.3248
ITASCA-MN,0.3293
CASS-MN,0.35
RICE-MN,0.393
STEARNS-MN,0.3885
POLK-MN,0.3669
KOOCHICHING-MN,0.4366
PIPESTONE-MN,0.4646
TODD-MN,0.4812
LYON-MN,0.4532
PINE-MN,0.4631
BENTON-MN,0.4318
FREEBORN-MN,0.4328
COTTONWOOD-MN,0.4726
WATONWAN-MN,0.5191
KANDIYOHI-MN,0.4064
MILLE LACS-MN,0.5917
RAMSEY-MN,0.6334
MOWER-MN,0.6283
WADENA-MN,0.6554
BELTRAMI-MN,0.7771
CLEARWATER-MN,0.7917
NOBLES-MN,0.815
MAHNOMEN-MN,0.8717
GLOUCESTER-NJ,0.1675
WARREN-NJ,0.2178
SOMERSET-NJ,0.1
MONMOUTH-NJ,0.1605
BERGEN-NJ,0.2395
SUSSEX-NJ,0.0191
HUNTERDON-NJ,0.0264
BURLINGTON-NJ,0.2054
MORRIS-NJ,0.1201
OCEAN-NJ,0.3354
CAPE MAY-NJ,0.3398
MIDDLESEX-NJ,0.4659
MERCER-NJ,0.558
UNION-NJ,0.6232
SALEM-NJ,0.5901
CAMDEN-NJ,0.6118
HUDSON-NJ,0.6424
ATLANTIC-NJ,0.7911
ESSEX-NJ,0.8404
PASSAIC-NJ,0.7764
CUMBERLAND-NJ,0.9592
ARCHER-TX,0.0898
FORT BEND-TX,0.2873
RANDALL-TX,0.2204
KING-TX,0.1955
THROCKMORTON-TX,0.2678
ROCKWALL-TX,0.1124
CARSON-TX,0.0338
IRION-TX,0.2013
COLLIN-TX,0.1506
BAYLOR-TX,0.1554
BORDEN-TX,0.0621
WILLIAMSON-TX,0.2016
HOOD-TX,0.2602
BLANCO-TX,0.2783
KENDALL-TX,0.2283
ROBERTS-TX,0.0911
DENTON-TX,0.221
PARKER-TX,0.2561
CLAY-TX,0.3182
HARDIN-TX,0.2532
ARMSTRONG-TX,0.1599
GLASSCOCK-TX,0.1761
COMAL-TX,0.2379
CALLAHAN-TX,0.2968
GILLESPIE-TX,0.3573
STONEWALL-TX,0.3236
MASON-TX,0.357
JEFF DAVIS-TX,0.3611
TRAVIS-TX,0.3812
MONTGOMERY-TX,0.3914
ELLIS-TX,0.3924
WILSON-TX,0.4436
JOHNSON-TX,0.5073
MARTIN-TX,0.4239
GUADALUPE-TX,0.4344
DONLEY-TX,0.4525
BRAZORIA-TX,0.5134
RAINS-TX,0.4016
FAYETTE-TX,0.4363
BRISCOE-TX,0.4564
LIPSCOMB-TX,0.4605
CRANE-TX,0.4739
COLEMAN-TX,0.4185
STERLING-TX,0.4127
CONCHO-TX,0.4283
EDWARDS-TX,0.4385
KENT-TX,0.4427
LLANO-TX,0.4666
ANDREWS-TX,0.4736
MIDLAND-TX,0.4748
OLDHAM-TX,0.4322
CHAMBERS-TX,0.4108
TERRELL-TX,0.4713
YOAKUM-TX,0.492
FISHER-TX,0.4312
HAYS-TX,0.4924
BANDERA-TX,0.5076
SHERMAN-TX,0.4611
FOARD-TX,0.4783
REAGAN-TX,0.4806
AUSTIN-TX,0.4936
SUTTON-TX,0.6041
UPSHUR-TX,0.5898
COKE-TX,0.6204
BROWN-TX,0.6277
LAMPASAS-TX,0.5443
WISE-TX,0.5768
LEON-TX,0.6156
MONTAGUE-TX,0.5841
SCHLEICHER-TX,0.5857
TARRANT-TX,0.5475
KAUFMAN-TX,0.5691
BURLESON-TX,0.608
SOMERVELL-TX,0.5605
ERATH-TX,0.6252
SABINE-TX,0.5309
YOUNG-TX,0.5532
DELTA-TX,0.5704
OCHILTREE-TX,0.5787
MENARD-TX,0.5854
BOSQUE-TX,0.6175
HARTLEY-TX,0.5344
RED RIVER-TX,0.565
COOKE-TX,0.6226
WOOD-TX,0.6322
RUNNELS-TX,0.5449
BURNET-TX,0.5299
VAN ZANDT-TX,0.5589
FANNIN-TX,0.5758
ORANGE-TX,0.5812
JONES-TX,0.6328
GOLIAD-TX,0.5815
GALVESTON-TX,0.585
FRANKLIN-TX,0.5277
DALLAM-TX,0.5503
KIMBLE-TX,0.5885
HAMILTON-TX,0.6083
MITCHELL-TX,0.6213
WARD-TX,0.6494
TOM GREEN-TX,0.6643
MEDINA-TX,0.6697
JACK-TX,0.6538
LEE-TX,0.6752
HUTCHINSON-TX,0.6631
JACKSON-TX,0.6774
UPTON-TX,0.6519
BREWSTER-TX,0.6573
GRAYSON-TX,0.6592
BRAZOS-TX,0.6532
WINKLER-TX,0.6541
CROCKETT-TX,0.6892
COLORADO-TX,0.6847
SCURRY-TX,0.6994
REAL-TX,0.7169
SAN JACINTO-TX,0.6869
KERR-TX,0.6959
MOTLEY-TX,0.7003
GAINES-TX,0.6825
HOPKINS-TX,0.7067
WHEELER-TX,0.6962
LAVACA-TX,0.6879
TAYLOR-TX,0.6933
PANOLA-TX,0.6952
WALKER-TX,0.6997
SHACKELFORD-TX,0.685
MOORE-TX,0.699
LIVE OAK-TX,0.6917
MARION-TX,0.6885
MORRIS-TX,0.7299
GARZA-TX,0.7213
HARDEMAN-TX,0.728
BASTROP-TX,0.7459
MCCULLOCH-TX,0.7395
CHILDRESS-TX,0.75
WASHINGTON-TX,0.7312
LUBBOCK-TX,0.7497
DALLAS-TX,0.7538
HARRIS-TX,0.7236
HARRISON-TX,0.7306
COMANCHE-TX,0.7264
SAN SABA-TX,0.7315
KENEDY-TX,0.7328
PARMER-TX,0.7576
SMITH-TX,0.7462
HENDERSON-TX,0.7201
NEWTON-TX,0.7207
HEMPHILL-TX,0.7427
ROBERTSON-TX,0.7529
LOVING-TX,0.7573
BEXAR-TX,0.8258
EASTLAND-TX,0.8067
JASPER-TX,0.8239
FLOYD-TX,0.8299
MCMULLEN-TX,0.7631
MILLS-TX,0.7688
CASTRO-TX,0.7774
RUSK-TX,0.7965
DEWITT-TX,0.8229
LAMAR-TX,0.8357
MADISON-TX,0.8376
ECTOR-TX,0.7924
WICHITA-TX,0.8166
NUECES-TX,0.8363
ANDERSON-TX,0.7946
HANSFORD-TX,0.7615
MILAM-TX,0.7627
VICTORIA-TX,0.7834
LA SALLE-TX,0.8191
WALLER-TX,0.8331
BAILEY-TX,0.8003
BELL-TX,0.8051
SAN PATRICIO-TX,0.8309
HUNT-TX,0.8341
REEVES-TX,0.7803
KNOX-TX,0.7962
ARANSAS-TX,0.8019
TRINITY-TX,0.8016
PECOS-TX,0.8213
CORYELL-TX,0.7809
CASS-TX,0.7841
WHARTON-TX,0.8758
NOLAN-TX,0.8866
CAMP-TX,0.9019
HOCKLEY-TX,0.9025
COTTLE-TX,0.9363
EL PASO-TX,0.9535
ATASCOSA-TX,0.8497
DEAF SMITH-TX,0.8411
KARNES-TX,0.8424
FREESTONE-TX,0.843
KINNEY-TX,0.8561
GRIMES-TX,0.8602
LAMB-TX,0.8975
WILBARGER-TX,0.9083
POLK-TX,0.9121
COCHRAN-TX,0.8608
STEPHENS-TX,0.885
MATAGORDA-TX,0.9067
JIM WELLS-TX,0.9226
GONZALES-TX,0.8959
DICKENS-TX,0.8796
CHEROKEE-TX,0.9191
UVALDE-TX,0.9548
LYNN-TX,0.8908
HOWARD-TX,0.9153
HILL-TX,0.8707
HOUSTON-TX,0.9131
DAWSON-TX,0.9475
HALE-TX,0.9312
REFUGIO-TX,0.9414
LIBERTY-TX,0.9427
WEBB-TX,0.9497
JEFFERSON-TX,0.8567
CALHOUN-TX,0.8618
TYLER-TX,0.8834
CROSBY-TX,0.9395
HALL-TX,0.95
GRAY-TX,0.8446
TITUS-TX,0.8901
POTTER-TX,0.9248
PALO PINTO-TX,0.8799
COLLINGSWORTH-TX,0.8876
SAN AUGUSTINE-TX,0.8889
SHELBY-TX,0.9522
MCLENNAN-TX,0.8436
BOWIE-TX,0.8529
CALDWELL-TX,0.8732
GREGG-TX,0.8825
LIMESTONE-TX,0.9532
NAVARRO-TX,0.9662
WILLACY-TX,0.9892
NACOGDOCHES-TX,0.9822
TERRY-TX,0.9876
STARR-TX,0.9815
KLEBERG-TX,0.9834
JIM HOGG-TX,0.9917
HASKELL-TX,0.9755
FRIO-TX,0.9866
VAL VERDE-TX,0.9678
CAMERON-TX,0.9758
MAVERICK-TX,0.9742
SWISHER-TX,0.9701
ZAPATA-TX,0.9895
ANGELINA-TX,0.9771
FALLS-TX,0.9799
HUDSPETH-TX,0.9825
BEE-TX,0.9694
HIDALGO-TX,0.978
ZAVALA-TX,0.9987
CULBERSON-TX,0.9971
DUVAL-TX,0.9994
PRESIDIO-TX,0.9981
DIMMIT-TX,0.9997
PLACER-CA,0.1519
SIERRA-CA,0.0452
EL DORADO-CA,0.1838
PLUMAS-CA,0.2653
MONO-CA,0.1408
CALAVERAS-CA,0.235
NEVADA-CA,0.2045
SAN MATEO-CA,0.265
MARIN-CA,0.2701
SANTA CLARA-CA,0.3557
SAN LUIS OBISPO-CA,0.3739
SAN FRANCISCO-CA,0.3911
TUOLUMNE-CA,0.4688
CONTRA COSTA-CA,0.4057
SONOMA-CA,0.4035
ALAMEDA-CA,0.4701
VENTURA-CA,0.4828
NAPA-CA,0.5051
ORANGE-CA,0.4191
SAN BENITO-CA,0.5245
INYO-CA,0.5701
SANTA CRUZ-CA,0.543
LASSEN-CA,0.5997
SAN DIEGO-CA,0.5596
MARIPOSA-CA,0.5293
SOLANO-CA,0.5911
AMADOR-CA,0.5334
YOLO-CA,0.6768
SANTA BARBARA-CA,0.7111
SHASTA-CA,0.7022
TRINITY-CA,0.7411
COLUSA-CA,0.7436
SACRAMENTO-CA,0.7338
SISKIYOU-CA,0.7223
ALPINE-CA,0.7287
MODOC-CA,0.7516
RIVERSIDE-CA,0.7939
BUTTE-CA,0.8064
MONTEREY-CA,0.799
LOS ANGELES-CA,0.7682
HUMBOLDT-CA,0.7605
LAKE-CA,0.9178
SAN BERNARDINO-CA,0.901
STANISLAUS-CA,0.8675
GLENN-CA,0.8895
YUBA-CA,0.942
TULARE-CA,0.9417
SUTTER-CA,0.8822
MADERA-CA,0.9541
MENDOCINO-CA,0.8818
KERN-CA,0.9659
MERCED-CA,0.9717
KINGS-CA,0.9707
TEHAMA-CA,0.9624
FRESNO-CA,0.9611
DEL NORTE-CA,0.9713
IMPERIAL-CA,0.9978
ROGERS-OK,0.2834
MCCLAIN-OK,0.1624
GRANT-OK,0.1634
CANADIAN-OK,0.2621
LOGAN-OK,0.2984
ELLIS-OK,0.3019
ALFALFA-OK,0.2535
DEWEY-OK,0.2248
WOODS-OK,0.314
GRADY-OK,0.308
HARPER-OK,0.3185
MAJOR-OK,0.3204
NOBLE-OK,0.3385
CLEVELAND-OK,0.3436
KINGFISHER-OK,0.3806
LINCOLN-OK,0.4787
GARVIN-OK,0.5115
CREEK-OK,0.4901
PAYNE-OK,0.5131
CIMARRON-OK,0.4475
WASHITA-OK,0.4045
ROGER MILLS-OK,0.4003
WAGONER-OK,0.4245
WASHINGTON-OK,0.4382
BEAVER-OK,0.4554
WOODWARD-OK,0.5745
LOVE-OK,0.6293
GARFIELD-OK,0.5908
PAWNEE-OK,0.5424
NOWATA-OK,0.5895
STEPHENS-OK,0.6051
TULSA-OK,0.6159
OSAGE-OK,0.6239
KIOWA-OK,0.6545
PONTOTOC-OK,0.65
COTTON-OK,0.6742
BLAINE-OK,0.6678
OKLAHOMA-OK,0.6818
BECKHAM-OK,0.7118
MURRAY-OK,0.7092
CUSTER-OK,0.7503
MAYES-OK,0.7519
MCINTOSH-OK,0.7828
ATOKA-OK,0.8076
TEXAS-OK,0.821
PITTSBURG-OK,0.8264
JACKSON-OK,0.8226
COMANCHE-OK,0.8354
BRYAN-OK,0.8127
GREER-OK,0.7742
PUSHMATAHA-OK,0.7863
CARTER-OK,0.7914
DELAWARE-OK,0.7697
COAL-OK,0.8255
HARMON-OK,0.8108
POTTAWATOMIE-OK,0.7815
HUGHES-OK,0.8115
MARSHALL-OK,0.8545
HASKELL-OK,0.8736
OKFUSKEE-OK,0.9287
KAY-OK,0.842
CRAIG-OK,0.8538
LATIMER-OK,0.8936
SEMINOLE-OK,0.929
SEQUOYAH-OK,0.9159
CHEROKEE-OK,0.9271
TILLMAN-OK,0.871
OKMULGEE-OK,0.8659
MUSKOGEE-OK,0.9338
CADDO-OK,0.9459
JEFFERSON-OK,0.8745
LE FLORE-OK,0.9032
ADAIR-OK,0.8965
MCCURTAIN-OK,0.9137
JOHNSTON-OK,0.8468
OTTAWA-OK,0.9576
CHOCTAW-OK,0.9602
YAVAPAI-AZ,0.521
MARICOPA-AZ,0.6354
GREENLEE-AZ,0.6188
COCONINO-AZ,0.7131
COCHISE-AZ,0.9064
PINAL-AZ,0.8592
SANTA CRUZ-AZ,0.9318
PIMA-AZ,0.8828
GILA-AZ,0.899
MOHAVE-AZ,0.8624
LA PAZ-AZ,0.9236
GRAHAM-AZ,0.964
NAVAJO-AZ,0.9955
APACHE-AZ,0.9885
YUMA-AZ,0.9895
JONES-SD,0.0051
JERAULD-SD,0.0506
DEUEL-SD,0.0822
POTTER-SD,0.0516
HUTCHINSON-SD,0.2487
LAWRENCE-SD,0.2618
KINGSBURY-SD,0.0223
BROOKINGS-SD,0.1561
LINCOLN-SD,0.0201
HAND-SD,0.0309
EDMUNDS-SD,0.0341
BON HOMME-SD,0.2382
CLAY-SD,0.2468
CAMPBELL-SD,0.0064
GRANT-SD,0.0551
UNION-SD,0.0274
TURNER-SD,0.108
PERKINS-SD,0.1096
LAKE-SD,0.1965
HANSON-SD,0.0013
HARDING-SD,0.0828
HAMLIN-SD,0.1586
DAY-SD,0.185
MARSHALL-SD,0.2131
DAVISON-SD,0.2338
STANLEY-SD,0.1099
SPINK-SD,0.1768
CUSTER-SD,0.228
SANBORN-SD,0.0385
CLARK-SD,0.171
SULLY-SD,0.0073
CODINGTON-SD,0.2449
GREGORY-SD,0.2847
FAULK-SD,0.0777
HYDE-SD,0.0943
MEADE-SD,0.0892
DOUGLAS-SD,0.1503
MINER-SD,0.1057
YANKTON-SD,0.3159
MCCOOK-SD,0.2229
AURORA-SD,0.2726
MCPHERSON-SD,0.2889
MINNEHAHA-SD,0.3589
BROWN-SD,0.3287
TRIPP-SD,0.3411
HAAKON-SD,0.3624
MOODY-SD,0.3908
BUTTE-SD,0.3627
WALWORTH-SD,0.3939
FALL RIVER-SD,0.4172
PENNINGTON-SD,0.4162
HUGHES-SD,0.4061
BRULE-SD,0.5713
BEADLE-SD,0.6506
LYMAN-SD,0.7137
ROBERTS-SD,0.7178
CHARLES MIX-SD,0.7389
CORSON-SD,0.8395
BENNETT-SD,0.7927
DEWEY-SD,0.8831
MELLETTE-SD,0.9156
ZIEBACH-SD,0.9538
BUFFALO-SD,0.971
TODD-SD,0.9564
JACKSON-SD,0.9666
CUMBERLAND-PA,0.1615
SUSQUEHANNA-PA,0.2064
ADAMS-PA,0.2118
ALLEGHENY-PA,0.2506
BUTLER-PA,0.079
PIKE-PA,0.1287
CHESTER-PA,0.1436
BUCKS-PA,0.0831
ARMSTRONG-PA,0.2475
BEDFORD-PA,0.2729
NORTHAMPTON-PA,0.2876
PERRY-PA,0.1089
WARREN-PA,0.2134
COLUMBIA-PA,0.2768
WESTMORELAND-PA,0.1379
BEAVER-PA,0.2481
ELK-PA,0.1166
WAYNE-PA,0.2631
CENTRE-PA,0.2892
MONTGOMERY-PA,0.1653
TIOGA-PA,0.3153
SNYDER-PA,0.2299
WYOMING-PA,0.1121
CAMERON-PA,0.3006
CARBON-PA,0.3048
WASHINGTON-PA,0.1694
FULTON-PA,0.2201
MONROE-PA,0.3064
MONTOUR-PA,0.3111
YORK-PA,0.329
JEFFERSON-PA,0.3312
BRADFORD-PA,0.3471
FRANKLIN-PA,0.3373
SULLIVAN-PA,0.3576
UNION-PA,0.3605
BLAIR-PA,0.3981
CLARION-PA,0.4771
SOMERSET-PA,0.4226
SCHUYLKILL-PA,0.4506
LAWRENCE-PA,0.4694
LYCOMING-PA,0.421
HUNTINGDON-PA,0.4908
GREENE-PA,0.435
LANCASTER-PA,0.4573
VENANGO-PA,0.4229
DELAWARE-PA,0.4131
POTTER-PA,0.4417
CLINTON-PA,0.486
MIFFLIN-PA,0.4723
CAMBRIA-PA,0.4892
NORTHUMBERLAND-PA,0.5006
DAUPHIN-PA,0.4975
JUNIATA-PA,0.4484
CRAWFORD-PA,0.5064
LACKAWANNA-PA,0.5252
INDIANA-PA,0.5484
LEHIGH-PA,0.635
ERIE-PA,0.6194
MCKEAN-PA,0.5462
CLEARFIELD-PA,0.6054
LUZERNE-PA,0.6089
BERKS-PA,0.6162
FAYETTE-PA,0.6248
LEBANON-PA,0.5328
MERCER-PA,0.542
FOREST-PA,0.7115
PHILADELPHIA-PA,0.9204
WASHINGTON-RI,0.0889
KENT-RI,0.1519
BRISTOL-RI,0.1236
NEWPORT-RI,0.179
PROVIDENCE-RI,0.7592
FAYETTE-TN,0.2554
WILSON-TN,0.1465
WILLIAMSON-TN,0.021
MOORE-TN,0.0914
BLOUNT-TN,0.2452
KNOX-TN,0.3035
CHEATHAM-TN,0.2369
SMITH-TN,0.2608
SUMNER-TN,0.2057
RUTHERFORD-TN,0.3268
MAURY-TN,0.3949
FRANKLIN-TN,0.3764
LOUDON-TN,0.3863
HUMPHREYS-TN,0.3688
CANNON-TN,0.3704
POLK-TN,0.4904
HAMILTON-TN,0.4137
ROBERTSON-TN,0.4287
DICKSON-TN,0.429
WASHINGTON-TN,0.4589
MONTGOMERY-TN,0.5172
DECATUR-TN,0.5086
PICKETT-TN,0.4153
OVERTON-TN,0.4576
MARION-TN,0.5061
DEKALB-TN,0.4306
TROUSDALE-TN,0.522
COFFEE-TN,0.4914
TIPTON-TN,0.45
MEIGS-TN,0.4933
STEWART-TN,0.4086
GILES-TN,0.6032
HOUSTON-TN,0.5551
HICKMAN-TN,0.5662
WHITE-TN,0.5984
ANDERSON-TN,0.6064
LEWIS-TN,0.6363
VAN BUREN-TN,0.6025
CARTER-TN,0.6153
GRAINGER-TN,0.593
PUTNAM-TN,0.6182
JOHNSON-TN,0.5653
SEVIER-TN,0.6111
JACKSON-TN,0.6
MARSHALL-TN,0.6099
DAVIDSON-TN,0.5363
JEFFERSON-TN,0.5608
CLAY-TN,0.5939
SEQUATCHIE-TN,0.572
CUMBERLAND-TN,0.5373
GREENE-TN,0.5446
SULLIVAN-TN,0.5411
HENRY-TN,0.6347
FENTRESS-TN,0.6373
MONROE-TN,0.6478
UNION-TN,0.6672
WEAKLEY-TN,0.6583
MCMINN-TN,0.6551
CHESTER-TN,0.6436
COCKE-TN,0.6857
BENTON-TN,0.7029
BRADLEY-TN,0.6914
MADISON-TN,0.7124
HENDERSON-TN,0.6981
HAWKINS-TN,0.708
CLAIBORNE-TN,0.7102
HARDIN-TN,0.7064
PERRY-TN,0.6799
MACON-TN,0.6927
LINCOLN-TN,0.6777
MCNAIRY-TN,0.7172
MORGAN-TN,0.7494
CARROLL-TN,0.7443
GIBSON-TN,0.735
CAMPBELL-TN,0.7338
SCOTT-TN,0.7637
UNICOI-TN,0.7981
HAMBLEN-TN,0.8146
RHEA-TN,0.8207
OBION-TN,0.7694
BEDFORD-TN,0.7758
BLEDSOE-TN,0.8159
LAWRENCE-TN,0.8318
HANCOCK-TN,0.7666
SHELBY-TN,0.7847
DYER-TN,0.7596
WARREN-TN,0.8322
WAYNE-TN,0.7624
CROCKETT-TN,0.7812
HARDEMAN-TN,0.8672
HAYWOOD-TN,0.8717
LAKE-TN,0.9185
GRUNDY-TN,0.8685
LAUDERDALE-TN,0.9672
BEAVER-UT,0.2522
EMERY-UT,0.2627
SUMMIT-UT,0.05
MORGAN-UT,3.0E-4
WASATCH-UT,0.0643
RICH-UT,0.1971
JUAB-UT,0.2331
DAGGETT-UT,0.0755
UTAH-UT,0.278
PIUTE-UT,0.2713
TOOELE-UT,0.3143
DAVIS-UT,0.0796
KANE-UT,0.1054
BOX ELDER-UT,0.1592
WAYNE-UT,0.2908
CACHE-UT,0.3201
MILLARD-UT,0.3554
SALT LAKE-UT,0.3229
SEVIER-UT,0.3261
IRON-UT,0.4525
DUCHESNE-UT,0.4822
UINTAH-UT,0.4838
WEBER-UT,0.4271
GARFIELD-UT,0.4592
GRAND-UT,0.5213
WASHINGTON-UT,0.4143
SANPETE-UT,0.6019
CARBON-UT,0.5615
SAN JUAN-UT,0.9752
HILLSBOROUGH-NH,0.1911
CARROLL-NH,0.0583
BELKNAP-NH,0.0841
SULLIVAN-NH,0.1513
ROCKINGHAM-NH,0.0111
CHESHIRE-NH,0.1417
STRAFFORD-NH,0.1748
GRAFTON-NH,0.1882
MERRIMACK-NH,0.1455
COOS-NH,0.529
CLEBURNE-AR,0.2083
BAXTER-AR,0.2793
NEWTON-AR,0.2815
BENTON-AR,0.2707
SALINE-AR,0.3325
LONOKE-AR,0.3309
GRANT-AR,0.3541
FAULKNER-AR,0.4774
MARION-AR,0.5175
SEARCY-AR,0.4376
STONE-AR,0.5102
BOONE-AR,0.4379
SHARP-AR,0.6191
CARROLL-AR,0.5952
LITTLE RIVER-AR,0.6306
IZARD-AR,0.5697
CRAWFORD-AR,0.6105
GREENE-AR,0.5834
PERRY-AR,0.636
CLEVELAND-AR,0.5643
PULASKI-AR,0.6287
CALHOUN-AR,0.5481
FRANKLIN-AR,0.5943
LAWRENCE-AR,0.6471
FULTON-AR,0.6688
PRAIRIE-AR,0.6548
CLAY-AR,0.6529
WASHINGTON-AR,0.6745
MADISON-AR,0.6535
MONTGOMERY-AR,0.7
CROSS-AR,0.7013
PIKE-AR,0.7124
RANDOLPH-AR,0.7166
VAN BUREN-AR,0.7226
INDEPENDENCE-AR,0.7525
CONWAY-AR,0.7589
WHITE-AR,0.7446
UNION-AR,0.8054
CRAIGHEAD-AR,0.8041
CLARK-AR,0.7892
GARLAND-AR,0.828
LOGAN-AR,0.8045
POINSETT-AR,0.8268
ARKANSAS-AR,0.7787
POPE-AR,0.7936
DREW-AR,0.801
SEVIER-AR,0.7675
HOT SPRING-AR,0.8188
LAFAYETTE-AR,0.7898
SEBASTIAN-AR,0.8328
JACKSON-AR,0.765
LINCOLN-AR,0.8134
YELL-AR,0.8783
MILLER-AR,0.9124
HEMPSTEAD-AR,0.9468
DALLAS-AR,0.8777
COLUMBIA-AR,0.9398
PHILLIPS-AR,0.9239
SCOTT-AR,0.8873
CRITTENDEN-AR,0.9341
ASHLEY-AR,0.8576
JOHNSON-AR,0.8768
JEFFERSON-AR,0.9436
NEVADA-AR,0.8841
POLK-AR,0.8949
OUACHITA-AR,0.8656
WOODRUFF-AR,0.849
MONROE-AR,0.8516
HOWARD-AR,0.9045
MISSISSIPPI-AR,0.9554
DESHA-AR,0.9596
BRADLEY-AR,0.9803
LEE-AR,0.9656
ST. FRANCIS-AR,0.9691
CHICOT-AR,0.9968
WASHINGTON-VT,0.1752
RUTLAND-VT,0.2787
ESSEX-VT,0.2067
WINDSOR-VT,0.128
CHITTENDEN-VT,0.1831
ADDISON-VT,0.0965
ORANGE-VT,0.172
LAMOILLE-VT,0.1309
FRANKLIN-VT,0.1111
CALEDONIA-VT,0.2672
BENNINGTON-VT,0.2924
GRAND ISLE-VT,0.0025
WINDHAM-VT,0.3054
ORLEANS-VT,0.4258
CATOOSA-GA,0.1318
WHITE-GA,0.2357
DAWSON-GA,0.1038
HARRIS-GA,0.1341
PICKENS-GA,0.2796
COLUMBIA-GA,0.1334
CHEROKEE-GA,0.1185
MORGAN-GA,0.2446
COBB-GA,0.2669
FAYETTE-GA,0.0608
PAULDING-GA,0.1376
HENRY-GA,0.3137
FORSYTH-GA,0.0373
COWETA-GA,0.2427
EFFINGHAM-GA,0.2363
UNION-GA,0.3115
OCONEE-GA,0.0354
WALTON-GA,0.293
FANNIN-GA,0.3003
TOWNS-GA,0.3258
JACKSON-GA,0.3516
LEE-GA,0.3519
BRYAN-GA,0.3389
JONES-GA,0.3793
LAMAR-GA,0.4917
DADE-GA,0.5156
GWINNETT-GA,0.4347
MONROE-GA,0.4596
BARROW-GA,0.4204
LUMPKIN-GA,0.4338
OGLETHORPE-GA,0.5217
PUTNAM-GA,0.428
CAMDEN-GA,0.5159
FULTON-GA,0.5268
BANKS-GA,0.5586
DOUGLAS-GA,0.5404
GILMER-GA,0.5599
LINCOLN-GA,0.5564
BARTOW-GA,0.5914
HOUSTON-GA,0.5669
HARALSON-GA,0.5427
BRANTLEY-GA,0.6229
ROCKDALE-GA,0.5529
RABUN-GA,0.5341
MCINTOSH-GA,0.5863
GREENE-GA,0.5379
CHATTAHOOCHEE-GA,0.6379
WALKER-GA,0.6408
HALL-GA,0.6618
MADISON-GA,0.6417
ECHOLS-GA,0.6615
PIERCE-GA,0.657
DEKALB-GA,0.6611
CRAWFORD-GA,0.6815
NEWTON-GA,0.707
GLASCOCK-GA,0.686
GLYNN-GA,0.7159
HABERSHAM-GA,0.7146
CHATHAM-GA,0.6949
JASPER-GA,0.6927
MURRAY-GA,0.7134
TWIGGS-GA,0.758
HART-GA,0.7194
BAKER-GA,0.7424
WILKES-GA,0.7561
WORTH-GA,0.7357
BLECKLEY-GA,0.7395
HEARD-GA,0.7232
WEBSTER-GA,0.7876
STEPHENS-GA,0.7968
MILLER-GA,0.7799
JENKINS-GA,0.8283
WILKINSON-GA,0.7873
WHEELER-GA,0.8124
CLARKE-GA,0.7675
SEMINOLE-GA,0.8344
ELBERT-GA,0.8338
CARROLL-GA,0.7825
HANCOCK-GA,0.7984
WILCOX-GA,0.8169
TELFAIR-GA,0.8369
POLK-GA,0.8048
LONG-GA,0.8271
BUTTS-GA,0.7653
BULLOCH-GA,0.8121
LAURENS-GA,0.8013
BROOKS-GA,0.8398
BALDWIN-GA,0.8666
LANIER-GA,0.8697
MUSCOGEE-GA,0.9003
WAYNE-GA,0.9166
BACON-GA,0.9389
CLAYTON-GA,0.9102
DODGE-GA,0.9223
DOOLY-GA,0.9484
TROUP-GA,0.9013
JEFFERSON-GA,0.9439
WHITFIELD-GA,0.8793
FRANKLIN-GA,0.8462
BERRIEN-GA,0.85
TALBOT-GA,0.8589
CHATTOOGA-GA,0.9252
RICHMOND-GA,0.9328
QUITMAN-GA,0.9433
IRWIN-GA,0.8408
BIBB-GA,0.9175
GRADY-GA,0.9258
SPALDING-GA,0.8691
JEFF DAVIS-GA,0.9373
PEACH-GA,0.9404
UPSON-GA,0.8532
TATTNALL-GA,0.908
COFFEE-GA,0.9506
COOK-GA,0.851
CHARLTON-GA,0.8752
TIFT-GA,0.8809
TAYLOR-GA,0.9197
EARLY-GA,0.9201
MCDUFFIE-GA,0.9376
PULASKI-GA,0.8459
SCREVEN-GA,0.8525
TALIAFERRO-GA,0.9089
BEN HILL-GA,0.8726
WARREN-GA,0.8946
JOHNSON-GA,0.9061
DOUGHERTY-GA,0.9513
WARE-GA,0.8449
THOMAS-GA,0.9108
STEWART-GA,0.9245
TREUTLEN-GA,0.9471
MARION-GA,0.8519
MERIWETHER-GA,0.8701
MACON-GA,0.9312
DECATUR-GA,0.9455
MONTGOMERY-GA,0.8465
GORDON-GA,0.8806
FLOYD-GA,0.8854
CLAY-GA,0.9309
BURKE-GA,0.8455
LOWNDES-GA,0.8662
LIBERTY-GA,0.8882
WASHINGTON-GA,0.9462
EVANS-GA,0.9847
TOOMBS-GA,0.9761
CRISP-GA,0.9857
CLINCH-GA,0.9777
ATKINSON-GA,0.9615
TURNER-GA,0.9809
COLQUITT-GA,0.9812
MITCHELL-GA,0.9879
SUMTER-GA,0.9764
APPLING-GA,0.9669
CALHOUN-GA,0.9774
RANDOLPH-GA,0.9739
EMANUEL-GA,0.9768
CANDLER-GA,0.9828
DANIELS-MT,0.0242
RICHLAND-MT,0.2121
PETROLEUM-MT,0.0029
JEFFERSON-MT,0.0481
BROADWATER-MT,0.042
SHERIDAN-MT,0.0949
GALLATIN-MT,0.0427
CARBON-MT,0.0433
CARTER-MT,0.0487
PARK-MT,0.0688
RAVALLI-MT,0.186
STILLWATER-MT,0.036
MCCONE-MT,0.0774
MADISON-MT,0.1726
DAWSON-MT,0.0752
GRANITE-MT,0.0764
LEWIS AND CLARK-MT,0.1258
GARFIELD-MT,0.0076
FALLON-MT,0.0217
GOLDEN VALLEY-MT,0.0519
PRAIRIE-MT,0.0758
POWDER RIVER-MT,0.0392
MEAGHER-MT,0.0465
FLATHEAD-MT,0.0924
JUDITH BASIN-MT,0.0162
VALLEY-MT,0.1162
MISSOULA-MT,0.178
TETON-MT,0.2981
SWEET GRASS-MT,0.0086
POWELL-MT,0.2545
TREASURE-MT,0.0567
CUSTER-MT,0.2901
FERGUS-MT,0.2376
YELLOWSTONE-MT,0.2497
BEAVERHEAD-MT,0.2516
MUSSELSHELL-MT,0.3551
SANDERS-MT,0.3478
WIBAUX-MT,0.3933
DEER LODGE-MT,0.4717
LINCOLN-MT,0.4194
LIBERTY-MT,0.4099
CHOUTEAU-MT,0.4799
PHILLIPS-MT,0.4146
CASCADE-MT,0.4102
TOOLE-MT,0.4768
WHEATLAND-MT,0.5436
ROSEBUD-MT,0.607
MINERAL-MT,0.5621
SILVER BOW-MT,0.5258
LAKE-MT,0.6468
HILL-MT,0.6984
PONDERA-MT,0.8296
BIG HORN-MT,0.8274
BLAINE-MT,0.915
ROOSEVELT-MT,0.8879
GLACIER-MT,0.8583
CURRITUCK-NC,0.1194
ORANGE-NC,0.2959
CLAY-NC,0.2191
WAKE-NC,0.2774
CAMDEN-NC,0.307
UNION-NC,0.1873
DARE-NC,0.1449
HAYWOOD-NC,0.2809
STOKES-NC,0.3067
BRUNSWICK-NC,0.3583
MACON-NC,0.3548
LINCOLN-NC,0.3564
HENDERSON-NC,0.321
GATES-NC,0.3567
NEW HANOVER-NC,0.3771
POLK-NC,0.3825
CHATHAM-NC,0.3809
BUNCOMBE-NC,0.3799
IREDELL-NC,0.3745
MOORE-NC,0.3621
TRANSYLVANIA-NC,0.3975
MECKLENBURG-NC,0.4408
DAVIE-NC,0.4411
MITCHELL-NC,0.4223
WATAUGA-NC,0.4121
ASHE-NC,0.4994
MADISON-NC,0.4586
CABARRUS-NC,0.4175
PERQUIMANS-NC,0.5048
CHEROKEE-NC,0.4869
YANCEY-NC,0.5736
JOHNSTON-NC,0.5395
STANLY-NC,0.6325
DURHAM-NC,0.6197
ALLEGHANY-NC,0.6268
PENDER-NC,0.5478
JACKSON-NC,0.6236
GRAHAM-NC,0.6338
ALEXANDER-NC,0.6341
FRANKLIN-NC,0.6376
AVERY-NC,0.6446
CALDWELL-NC,0.651
YADKIN-NC,0.6404
CATAWBA-NC,0.6481
GASTON-NC,0.672
GUILFORD-NC,0.6369
GRANVILLE-NC,0.6561
DAVIDSON-NC,0.6841
BEAUFORT-NC,0.7156
PAMLICO-NC,0.7162
WILKES-NC,0.6924
RANDOLPH-NC,0.6965
FORSYTH-NC,0.6834
RUTHERFORD-NC,0.7551
ONSLOW-NC,0.7465
SURRY-NC,0.7258
MARTIN-NC,0.7541
PASQUOTANK-NC,0.7748
PITT-NC,0.8242
CHOWAN-NC,0.8118
ROWAN-NC,0.8143
CLEVELAND-NC,0.835
ROCKINGHAM-NC,0.7857
CRAVEN-NC,0.8099
PERSON-NC,0.7732
ALAMANCE-NC,0.7838
NASH-NC,0.8287
MCDOWELL-NC,0.7895
HARNETT-NC,0.7869
SWAIN-NC,0.7774
CASWELL-NC,0.836
BERTIE-NC,0.9385
WARREN-NC,0.8943
BURKE-NC,0.8487
CUMBERLAND-NC,0.864
HOKE-NC,0.8924
NORTHAMPTON-NC,0.9022
WILSON-NC,0.936
TYRRELL-NC,0.8764
BLADEN-NC,0.9446
WASHINGTON-NC,0.8787
WAYNE-NC,0.9503
COLUMBUS-NC,0.9481
MONTGOMERY-NC,0.8713
ANSON-NC,0.9443
LEE-NC,0.8481
JONES-NC,0.8761
HALIFAX-NC,0.9646
VANCE-NC,0.9787
ROBESON-NC,0.9911
LENOIR-NC,0.9933
SCOTLAND-NC,0.9936
EDGECOMBE-NC,0.9726
DUPLIN-NC,0.979
HERTFORD-NC,0.9873
SAMPSON-NC,0.9723
RICHMOND-NC,0.9796
GREENE-NC,0.9924
SHERMAN-OR,0.135
DESCHUTES-OR,0.1637
CLACKAMAS-OR,0.1895
WASHINGTON-OR,0.3194
BENTON-OR,0.349
WHEELER-OR,0.3901
WALLOWA-OR,0.5032
GILLIAM-OR,0.5092
CLATSOP-OR,0.5185
COLUMBIA-OR,0.4025
MULTNOMAH-OR,0.4675
CURRY-OR,0.4879
LINCOLN-OR,0.5522
HOOD RIVER-OR,0.5455
GRANT-OR,0.5465
POLK-OR,0.5777
CROOK-OR,0.5729
JOSEPHINE-OR,0.6557
LANE-OR,0.649
TILLAMOOK-OR,0.6586
YAMHILL-OR,0.6608
UNION-OR,0.6729
LINN-OR,0.679
HARNEY-OR,0.7108
BAKER-OR,0.6854
COOS-OR,0.743
DOUGLAS-OR,0.7277
JACKSON-OR,0.7354
LAKE-OR,0.7608
MORROW-OR,0.7643
WASCO-OR,0.8389
JEFFERSON-OR,0.9118
KLAMATH-OR,0.8688
MARION-OR,0.8535
UMATILLA-OR,0.9688
MALHEUR-OR,0.9965
HANOVER-VA,0.0156
GLOUCESTER-VA,0.0366
VIRGINIA BEACH CITY-VA,0.1889
MATHEWS-VA,0.0207
KING WILLIAM-VA,0.0357
ARLINGTON-VA,0.1401
FAIRFAX CITY-VA,0.2411
CAMPBELL-VA,0.2615
PRINCE WILLIAM-VA,0.3022
NEW KENT-VA,0.0061
FALLS CHURCH CITY-VA,0.1389
FREDERICK-VA,0.1822
ROANOKE-VA,0.1312
LANCASTER-VA,0.1583
GREENE-VA,0.1631
YORK-VA,0.1997
FLOYD-VA,0.1115
BOTETOURT-VA,0.0414
GOOCHLAND-VA,0.0459
WARREN-VA,0.2564
BEDFORD-VA,0.0984
FAIRFAX-VA,0.1876
SPOTSYLVANIA-VA,0.2159
CLARKE-VA,0.1131
JAMES CITY-VA,0.115
AUGUSTA-VA,0.149
ALEXANDRIA CITY-VA,0.2003
BATH-VA,0.2471
FLUVANNA-VA,0.0631
LOUDOUN-VA,0.0904
CHESTERFIELD-VA,0.1799
CHARLES CITY-VA,0.2366
WESTMORELAND-VA,0.292
KING GEORGE-VA,0.0159
FAUQUIER-VA,0.0287
MADISON-VA,0.164
ALBEMARLE-VA,0.1732
HENRICO-VA,0.2573
CHESAPEAKE CITY-VA,0.2592
RAPPAHANNOCK-VA,0.0213
NORTHUMBERLAND-VA,0.1213
ROCKBRIDGE-VA,0.1433
STAFFORD-VA,0.1541
PRINCE GEORGE-VA,0.3175
MONTGOMERY-VA,0.2959
AMELIA-VA,0.3166
CRAIG-VA,0.0745
POWHATAN-VA,0.0057
POQUOSON CITY-VA,0.0127
HIGHLAND-VA,0.065
MIDDLESEX-VA,0.2025
SALEM CITY-VA,0.3089
NELSON-VA,0.3
GILES-VA,0.2742
ROCKINGHAM-VA,0.3197
LEXINGTON CITY-VA,0.3226
BUENA VISTA CITY-VA,0.3242
LOUISA-VA,0.3325
CAROLINE-VA,0.3481
CARROLL-VA,0.3369
SUFFOLK CITY-VA,0.3468
BLAND-VA,0.3449
KING AND QUEEN-VA,0.3245
ISLE OF WIGHT-VA,0.3392
SHENANDOAH-VA,0.3643
WYTHE-VA,0.3965
SURRY-VA,0.3659
PAGE-VA,0.3936
APPOMATTOX-VA,0.3637
ALLEGHANY-VA,0.4462
FRANKLIN-VA,0.401
RADFORD CITY-VA,0.4124
COVINGTON CITY-VA,0.4634
SOUTHAMPTON-VA,0.4755
STAUNTON CITY-VA,0.4449
CHARLOTTESVILLE CITY-VA,0.4092
DINWIDDIE-VA,0.4182
ORANGE-VA,0.465
AMHERST-VA,0.4682
PULASKI-VA,0.4831
MANASSAS CITY-VA,0.4446
RUSSELL-VA,0.4487
CULPEPER-VA,0.4882
WAYNESBORO CITY-VA,0.6013
MANASSAS PARK CITY-VA,0.528
TAZEWELL-VA,0.5936
ESSEX-VA,0.5634
CUMBERLAND-VA,0.5831
FREDERICKSBURG CITY-VA,0.5631
RICHMOND-VA,0.6143
COLONIAL HEIGHTS CITY-VA,0.5685
PATRICK-VA,0.6389
PITTSYLVANIA-VA,0.6427
HALIFAX-VA,0.6723
SCOTT-VA,0.6758
NORTHAMPTON-VA,0.6764
HAMPTON CITY-VA,0.6675
GRAYSON-VA,0.6459
CHARLOTTE-VA,0.7057
DICKENSON-VA,0.6806
FRANKLIN CITY-VA,0.7175
WINCHESTER CITY-VA,0.722
PRINCE EDWARD-VA,0.7296
LYNCHBURG CITY-VA,0.7369
BUCHANAN-VA,0.7545
SMYTH-VA,0.7548
BRISTOL CITY-VA,0.751
ROANOKE CITY-VA,0.8038
LEE-VA,0.8073
NORFOLK CITY-VA,0.7717
HARRISONBURG CITY-VA,0.793
NEWPORT NEWS CITY-VA,0.8156
MECKLENBURG-VA,0.7768
GREENSVILLE-VA,0.814
BUCKINGHAM-VA,0.7901
PORTSMOUTH CITY-VA,0.8006
RICHMOND CITY-VA,0.7729
ACCOMACK-VA,0.8025
WISE-VA,0.8599
NORTON CITY-VA,0.9054
MARTINSVILLE CITY-VA,0.9105
HENRY-VA,0.8857
HOPEWELL CITY-VA,0.9408
BRUNSWICK-VA,0.8955
SUSSEX-VA,0.9092
LUNENBURG-VA,0.8643
NOTTOWAY-VA,0.9096
EMPORIA CITY-VA,0.9567
DANVILLE CITY-VA,0.9589
GALAX CITY-VA,0.9838
PETERSBURG CITY-VA,0.9643
MARSHALL-WV,0.2153
JEFFERSON-WV,0.2255
PUTNAM-WV,0.0408
TYLER-WV,0.2213
HARDY-WV,0.285
OHIO-WV,0.3108
MORGAN-WV,0.1764
JACKSON-WV,0.2529
PENDLETON-WV,0.358
BROOKE-WV,0.3306
GRANT-WV,0.3675
WOOD-WV,0.3723
WIRT-WV,0.3748
RITCHIE-WV,0.364
TUCKER-WV,0.3672
DODDRIDGE-WV,0.3608
HANCOCK-WV,0.4051
PLEASANTS-WV,0.4468
POCAHONTAS-WV,0.4971
WETZEL-WV,0.4752
MONROE-WV,0.4662
MONONGALIA-WV,0.4111
MARION-WV,0.4939
HARRISON-WV,0.4089
BERKELEY-WV,0.4433
TAYLOR-WV,0.4949
PRESTON-WV,0.5732
WAYNE-WV,0.6006
NICHOLAS-WV,0.5411
CABELL-WV,0.6245
KANAWHA-WV,0.5656
LINCOLN-WV,0.6057
MASON-WV,0.5497
RANDOLPH-WV,0.5806
GREENBRIER-WV,0.5557
CALHOUN-WV,0.5239
MINERAL-WV,0.5933
ROANE-WV,0.6465
BRAXTON-WV,0.6646
LEWIS-WV,0.6761
HAMPSHIRE-WV,0.6433
BARBOUR-WV,0.6513
WYOMING-WV,0.6443
BOONE-WV,0.7041
UPSHUR-WV,0.6911
CLAY-WV,0.6885
GILMER-WV,0.7564
LOGAN-WV,0.7471
WEBSTER-WV,0.7487
FAYETTE-WV,0.764
SUMMERS-WV,0.829
RALEIGH-WV,0.7685
MINGO-WV,0.785
MERCER-WV,0.8089
MCDOWELL-WV,0.9029
WAUKESHA-WI,0.0194
SAUK-WI,0.2344
WASHBURN-WI,0.108
OZAUKEE-WI,0.0134
KEWAUNEE-WI,0.0586
WINNEBAGO-WI,0.1608
PORTAGE-WI,0.1653
MANITOWOC-WI,0.1621
MARQUETTE-WI,0.2596
OCONTO-WI,0.064
IOWA-WI,0.0131
ST. CROIX-WI,0.0146
PIERCE-WI,0.0806
POLK-WI,0.0873
PEPIN-WI,0.1019
FLORENCE-WI,0.1452
LAFAYETTE-WI,0.1596
DANE-WI,0.1688
CHIPPEWA-WI,0.2105
SHEBOYGAN-WI,0.2245
ONEIDA-WI,0.014
VILAS-WI,0.1395
RICHLAND-WI,0.3073
LA CROSSE-WI,0.2089
WALWORTH-WI,0.2688
PRICE-WI,0.1602
WAUPACA-WI,0.1815
GRANT-WI,0.1939
WASHINGTON-WI,0.0099
OUTAGAMIE-WI,0.0978
DUNN-WI,0.1847
DODGE-WI,0.2019
LINCOLN-WI,0.1013
BAYFIELD-WI,0.099
WOOD-WI,0.1535
MARINETTE-WI,0.2971
GREEN-WI,0.0529
SHAWANO-WI,0.1382
EAU CLAIRE-WI,0.2175
CALUMET-WI,0.0182
MARATHON-WI,0.1443
BURNETT-WI,0.1672
JEFFERSON-WI,0.1854
DOOR-WI,0.0557
BUFFALO-WI,0.0576
TAYLOR-WI,0.2
FOND DU LAC-WI,0.2038
COLUMBIA-WI,0.1204
TREMPEALEAU-WI,0.2812
GREEN LAKE-WI,0.2869
RUSK-WI,0.3465
LANGLADE-WI,0.3535
BROWN-WI,0.3299
BARRON-WI,0.3271
IRON-WI,0.3602
JUNEAU-WI,0.378
CRAWFORD-WI,0.3971
WAUSHARA-WI,0.3653
VERNON-WI,0.3834
SAWYER-WI,0.4268
JACKSON-WI,0.5003
ROCK-WI,0.4561
KENOSHA-WI,0.5111
MONROE-WI,0.4621
RACINE-WI,0.4551
FOREST-WI,0.5774
ASHLAND-WI,0.55
CLARK-WI,0.535
ADAMS-WI,0.5685
MILWAUKEE-WI,0.8061
MENOMINEE-WI,0.7672
WARREN-NY,0.1742
SARATOGA-NY,0.0475
TIOGA-NY,0.1994
GENESEE-NY,0.1879
WYOMING-NY,0.3121
MADISON-NY,0.1666
ALBANY-NY,0.3041
ONTARIO-NY,0.2315
PUTNAM-NY,0.0812
LEWIS-NY,0.2911
RENSSELAER-NY,0.343
TOMPKINS-NY,0.3462
NIAGARA-NY,0.3318
LIVINGSTON-NY,0.3424
CORTLAND-NY,0.3452
WAYNE-NY,0.3414
SCHUYLER-NY,0.3691
SCHENECTADY-NY,0.3943
COLUMBIA-NY,0.3854
HAMILTON-NY,0.3898
ESSEX-NY,0.3869
RICHMOND-NY,0.4764
DUTCHESS-NY,0.4207
ULSTER-NY,0.4704
OTSEGO-NY,0.4236
SCHOHARIE-NY,0.4013
CAYUGA-NY,0.5025
YATES-NY,0.4392
STEUBEN-NY,0.4691
CHEMUNG-NY,0.485
FULTON-NY,0.501
MONROE-NY,0.5204
WASHINGTON-NY,0.4
ONONDAGA-NY,0.5207
ERIE-NY,0.414
GREENE-NY,0.4159
SENECA-NY,0.449
ROCKLAND-NY,0.6038
CHENANGO-NY,0.5646
ALLEGANY-NY,0.5818
DELAWARE-NY,0.6331
HERKIMER-NY,0.5322
NEW YORK-NY,0.551
BROOME-NY,0.6166
CLINTON-NY,0.5312
WESTCHESTER-NY,0.5516
ORANGE-NY,0.5538
QUEENS-NY,0.6201
ORLEANS-NY,0.643
JEFFERSON-NY,0.6484
OSWEGO-NY,0.6497
ONEIDA-NY,0.6946
FRANKLIN-NY,0.7073
CHAUTAUQUA-NY,0.7248
ST. LAWRENCE-NY,0.7475
CATTARAUGUS-NY,0.7283
MONTGOMERY-NY,0.8306
SULLIVAN-NY,0.7939
KINGS-NY,0.8153
NANTUCKET-MA,0.0268
BARNSTABLE-MA,0.0564
MIDDLESEX-MA,0.2264
DUKES-MA,0.0096
NORFOLK-MA,0.2092
FRANKLIN-MA,0.2096
HAMPSHIRE-MA,0.2325
PLYMOUTH-MA,0.2303
BERKSHIRE-MA,0.4083
WORCESTER-MA,0.4096
BRISTOL-MA,0.5248
SUFFOLK-MA,0.7379
HAMPDEN-MA,0.8232
DEARBORN-IN,0.0799
HUNTINGTON-IN,0.1248
RUSH-IN,0.2567
FRANKLIN-IN,0.1471
WHITE-IN,0.2439
JOHNSON-IN,0.1424
UNION-IN,0.1713
GIBSON-IN,0.315
MARTIN-IN,0.2398
LAWRENCE-IN,0.2752
BOONE-IN,0.0449
PERRY-IN,0.3102
WARREN-IN,0.078
BROWN-IN,0.0602
WARRICK-IN,0.0678
WELLS-IN,0.1439
FLOYD-IN,0.1669
HARRISON-IN,0.1866
PULASKI-IN,0.2309
HAMILTON-IN,0.0255
PORTER-IN,0.1478
HANCOCK-IN,0.0169
OHIO-IN,0.0252
TIPTON-IN,0.0726
SPENCER-IN,0.0879
CARROLL-IN,0.1175
FOUNTAIN-IN,0.2032
DECATUR-IN,0.2102
DEKALB-IN,0.2334
JASPER-IN,0.2685
DUBOIS-IN,0.208
WABASH-IN,0.2882
MORGAN-IN,0.2156
POSEY-IN,0.0105
WHITLEY-IN,0.0315
HENDRICKS-IN,0.0815
SHELBY-IN,0.2182
PIKE-IN,0.1745
STEUBEN-IN,0.271
CLARK-IN,0.2548
PUTNAM-IN,0.3484
NEWTON-IN,0.3366
CLAY-IN,0.3338
BENTON-IN,0.3347
STARKE-IN,0.3417
OWEN-IN,0.3455
FULTON-IN,0.3459
LAGRANGE-IN,0.3707
CRAWFORD-IN,0.3889
BARTHOLOMEW-IN,0.3631
MONTGOMERY-IN,0.3685
BLACKFORD-IN,0.371
RIPLEY-IN,0.3774
HENRY-IN,0.3793
WASHINGTON-IN,0.3777
JENNINGS-IN,0.3847
GREENE-IN,0.4443
KOSCIUSKO-IN,0.4608
MONROE-IN,0.4519
TIPPECANOE-IN,0.493
RANDOLPH-IN,0.4296
SCOTT-IN,0.4201
VERMILLION-IN,0.4503
NOBLE-IN,0.4742
HOWARD-IN,0.4815
JEFFERSON-IN,0.4414
KNOX-IN,0.5927
ADAMS-IN,0.5904
DELAWARE-IN,0.5666
JACKSON-IN,0.5389
MARSHALL-IN,0.5796
MIAMI-IN,0.5879
PARKE-IN,0.5809
ALLEN-IN,0.5236
ST. JOSEPH-IN,0.6223
CLINTON-IN,0.571
FAYETTE-IN,0.6108
VANDERBURGH-IN,0.5242
SWITZERLAND-IN,0.6271
MADISON-IN,0.6713
SULLIVAN-IN,0.6401
JAY-IN,0.6748
ORANGE-IN,0.6455
WAYNE-IN,0.7105
DAVIESS-IN,0.6882
VIGO-IN,0.7274
LAKE-IN,0.7252
GRANT-IN,0.7331
CASS-IN,0.7197
LAPORTE-IN,0.7217
ELKHART-IN,0.7701
MARION-IN,0.7971
LINCOLN-WY,0.0809
CONVERSE-WY,0.2048
TETON-WY,0.1127
HOT SPRINGS-WY,0.1229
CROOK-WY,0.0328
PLATTE-WY,0.0952
SUBLETTE-WY,0.0293
PARK-WY,0.0659
SHERIDAN-WY,0.0895
JOHNSON-WY,0.1774
NATRONA-WY,0.2952
ALBANY-WY,0.2494
LARAMIE-WY,0.2697
WESTON-WY,0.3475
GOSHEN-WY,0.3264
NIOBRARA-WY,0.336
CAMPBELL-WY,0.3315
WASHAKIE-WY,0.3732
SWEETWATER-WY,0.3701
BIG HORN-WY,0.3955
CARBON-WY,0.5029
UINTA-WY,0.4522
FREMONT-WY,0.5624
RANKIN-MS,0.3127
MADISON-MS,0.2898
DESOTO-MS,0.3032
LAFAYETTE-MS,0.5096
SMITH-MS,0.4732
WEBSTER-MS,0.5962
CARROLL-MS,0.6303
JACKSON-MS,0.5433
ITAWAMBA-MS,0.5487
FRANKLIN-MS,0.5717
STONE-MS,0.6045
LAMAR-MS,0.5306
GEORGE-MS,0.6137
HANCOCK-MS,0.5924
GREENE-MS,0.6067
TISHOMINGO-MS,0.6659
MONROE-MS,0.6398
OKTIBBEHA-MS,0.642
BENTON-MS,0.6605
CLARKE-MS,0.6669
LAWRENCE-MS,0.6634
PEARL RIVER-MS,0.7051
PERRY-MS,0.7086
ALCORN-MS,0.6955
CLAY-MS,0.7054
MARSHALL-MS,0.6904
LINCOLN-MS,0.7586
YALOBUSHA-MS,0.7347
JASPER-MS,0.7691
UNION-MS,0.8277
LOWNDES-MS,0.7975
LEE-MS,0.7952
AMITE-MS,0.8191
COVINGTON-MS,0.7879
COPIAH-MS,0.9411
HARRISON-MS,0.8838
JEFFERSON DAVIS-MS,0.8439
WILKINSON-MS,0.9169
COAHOMA-MS,0.9322
QUITMAN-MS,0.9545
PONTOTOC-MS,0.8962
CHICKASAW-MS,0.9143
FORREST-MS,0.9366
HINDS-MS,0.8742
MONTGOMERY-MS,0.8914
PANOLA-MS,0.8933
MARION-MS,0.935
HUMPHREYS-MS,0.9369
WALTHALL-MS,0.8611
NEWTON-MS,0.9213
TATE-MS,0.865
SIMPSON-MS,0.9073
WINSTON-MS,0.9306
ISSAQUENA-MS,0.951
CHOCTAW-MS,0.8541
WARREN-MS,0.8605
JONES-MS,0.892
SUNFLOWER-MS,0.9494
PRENTISS-MS,0.8513
LAUDERDALE-MS,0.9283
WAYNE-MS,0.8997
TIPPAH-MS,0.8646
GRENADA-MS,0.8771
KEMPER-MS,0.9274
CALHOUN-MS,0.965
BOLIVAR-MS,0.9675
NESHOBA-MS,0.9685
ADAMS-MS,0.9914
LEFLORE-MS,0.9653
TALLAHATCHIE-MS,0.9736
JEFFERSON-MS,0.9637
NOXUBEE-MS,0.986
TUNICA-MS,0.972
HOLMES-MS,0.9818
SCOTT-MS,0.985
CLAIBORNE-MS,0.992
YAZOO-MS,0.9952
SHARKEY-MS,0.9729
WASHINGTON-MS,0.9783
PIKE-MS,0.9882
ATTALA-MS,0.9844
LEAKE-MS,0.9946
EUREKA-NV,0.0675
STOREY-NV,0.0717
DOUGLAS-NV,0.1793
WHITE PINE-NV,0.3742
LINCOLN-NV,0.4213
ELKO-NV,0.5178
LYON-NV,0.5783
HUMBOLDT-NV,0.5869
WASHOE-NV,0.5271
CHURCHILL-NV,0.6048
ESMERALDA-NV,0.6395
CLARK-NV,0.7404
NYE-NV,0.7309
LANDER-NV,0.8261
PERSHING-NV,0.9038
CARSON CITY-NV,0.8443
MINERAL-NV,0.8815
WABAUNSEE-KS,0.0532
JEFFERSON-KS,0.0548
DOUGLAS-KS,0.2232
COMANCHE-KS,0.0793
ROOKS-KS,0.142
PAWNEE-KS,0.2866
TREGO-KS,0.0389
SHERIDAN-KS,0.0685
RUSH-KS,0.0783
GOVE-KS,0.0975
RUSSELL-KS,0.2392
MORRIS-KS,0.2436
KIOWA-KS,0.258
BARBER-KS,0.2803
GRAHAM-KS,0.1255
DECATUR-KS,0.1573
MARION-KS,0.1771
COFFEY-KS,0.2035
HAMILTON-KS,0.2586
JACKSON-KS,0.2694
SMITH-KS,0.0503
LOGAN-KS,0.1296
WALLACE-KS,0.143
STAFFORD-KS,0.2777
ELLIS-KS,0.1564
OTTAWA-KS,0.0271
LANE-KS,0.0303
CHEYENNE-KS,0.1003
GREENWOOD-KS,0.2127
GRAY-KS,0.2736
KINGMAN-KS,0.0513
LEAVENWORTH-KS,0.2404
BROWN-KS,0.2717
CLAY-KS,0.0494
JOHNSON-KS,0.0615
MARSHALL-KS,0.1264
SUMNER-KS,0.2223
REPUBLIC-KS,0.0605
RAWLINS-KS,0.136
POTTAWATOMIE-KS,0.1487
PHILLIPS-KS,0.242
JEWELL-KS,0.0876
THOMAS-KS,0.0704
NESS-KS,0.15
ANDERSON-KS,0.2274
MIAMI-KS,0.0258
OSBORNE-KS,0.0723
SCOTT-KS,0.3061
MCPHERSON-KS,0.1067
HODGEMAN-KS,0.1118
DONIPHAN-KS,0.2306
BUTLER-KS,0.2624
CLOUD-KS,0.2739
MITCHELL-KS,0.2844
CLARK-KS,0.3124
NEMAHA-KS,0.0962
LINCOLN-KS,0.1322
FRANKLIN-KS,0.2137
OSAGE-KS,0.2341
NORTON-KS,0.2975
WASHINGTON-KS,0.1481
DICKINSON-KS,0.3322
HARVEY-KS,0.335
HARPER-KS,0.3223
GRANT-KS,0.3815
MEADE-KS,0.3717
CHEROKEE-KS,0.3828
ALLEN-KS,0.3978
ELK-KS,0.3895
PRATT-KS,0.3873
EDWARDS-KS,0.372
ELLSWORTH-KS,0.3952
RILEY-KS,0.4373
STANTON-KS,0.4965
SHAWNEE-KS,0.5099
MORTON-KS,0.408
HASKELL-KS,0.4115
SALINE-KS,0.4162
ATCHISON-KS,0.4911
SHERMAN-KS,0.4984
KEARNY-KS,0.4656
WICHITA-KS,0.4678
CHASE-KS,0.4067
WOODSON-KS,0.4398
RICE-KS,0.4252
LINN-KS,0.4478
BARTON-KS,0.5439
BOURBON-KS,0.5828
GREELEY-KS,0.5752
SEDGWICK-KS,0.5357
RENO-KS,0.5866
WILSON-KS,0.6366
LABETTE-KS,0.6392
NEOSHO-KS,0.658
STEVENS-KS,0.6739
GEARY-KS,0.6576
CRAWFORD-KS,0.6987
LYON-KS,0.7322
COWLEY-KS,0.7318
CHAUTAUQUA-KS,0.7188
FINNEY-KS,0.8236
MONTGOMERY-KS,0.8029
SEWARD-KS,0.9111
FORD-KS,0.857
WYANDOTTE-KS,0.9242
CAMAS-ID,0.1338
FRANKLIN-ID,0.1414
BEAR LAKE-ID,0.2143
KOOTENAI-ID,0.2328
CARIBOU-ID,0.1917
VALLEY-ID,0.0882
BOISE-ID,0.0672
ADAMS-ID,0.2936
LATAH-ID,0.2484
LEMHI-ID,0.2997
BUTTE-ID,0.2462
ADA-ID,0.1373
TETON-ID,0.1344
BONNER-ID,0.2401
JEFFERSON-ID,0.2525
BOUNDARY-ID,0.3083
ONEIDA-ID,0.3424
BLAINE-ID,0.3239
BONNEVILLE-ID,0.3634
FREMONT-ID,0.5137
NEZ PERCE-ID,0.5067
BINGHAM-ID,0.507
MADISON-ID,0.4029
CLEARWATER-ID,0.4401
CUSTER-ID,0.4369
TWIN FALLS-ID,0.4955
POWER-ID,0.5162
PAYETTE-ID,0.601
LINCOLN-ID,0.5576
BANNOCK-ID,0.579
LEWIS-ID,0.5678
ELMORE-ID,0.5882
IDAHO-ID,0.5392
CASSIA-ID,0.6732
GEM-ID,0.6627
JEROME-ID,0.6736
GOODING-ID,0.7076
MINIDOKA-ID,0.6783
BENEWAH-ID,0.7334
SHOSHONE-ID,0.757
CANYON-ID,0.7366
OWYHEE-ID,0.8245
WASHINGTON-ID,0.8506
CLARK-ID,0.8911
OSAGE-MO,0.0497
CASS-MO,0.1188
STE. GENEVIEVE-MO,0.1885
NODAWAY-MO,0.222
RAY-MO,0.2573
ST. CHARLES-MO,0.0363
HOLT-MO,0.1959
CLINTON-MO,0.1643
PERRY-MO,0.2312
LINCOLN-MO,0.2939
ATCHISON-MO,0.0736
RALLS-MO,0.1045
FRANKLIN-MO,0.1459
JEFFERSON-MO,0.1863
ST. LOUIS-MO,0.2611
GASCONADE-MO,0.0854
COLE-MO,0.2583
LINN-MO,0.272
PLATTE-MO,0.0959
CLAY-MO,0.1363
WORTH-MO,0.2239
ANDREW-MO,0.0325
CHRISTIAN-MO,0.1497
CHARITON-MO,0.1898
BOONE-MO,0.2927
MERCER-MO,0.3045
STONE-MO,0.3487
CALLAWAY-MO,0.3232
CLARK-MO,0.342
CAMDEN-MO,0.3363
JOHNSON-MO,0.3506
COOPER-MO,0.3892
SCHUYLER-MO,0.3831
WARREN-MO,0.3841
BATES-MO,0.3857
MONROE-MO,0.3876
LAFAYETTE-MO,0.3882
LIVINGSTON-MO,0.3748
SHELBY-MO,0.3984
CAPE GIRARDEAU-MO,0.4118
MONITEAU-MO,0.5143
GREENE-MO,0.4395
LEWIS-MO,0.4465
BOLLINGER-MO,0.4793
HOWARD-MO,0.4041
GENTRY-MO,0.4389
MADISON-MO,0.4777
MARIES-MO,0.5118
DEKALB-MO,0.4054
DAVIESS-MO,0.4707
MILLER-MO,0.501
CALDWELL-MO,0.4513
ADAIR-MO,0.4548
VERNON-MO,0.451
OREGON-MO,0.4885
ST. CLAIR-MO,0.4987
NEWTON-MO,0.4341
STODDARD-MO,0.4643
HICKORY-MO,0.4672
BARTON-MO,0.5994
PUTNAM-MO,0.5764
OZARK-MO,0.5825
DENT-MO,0.6312
KNOX-MO,0.557
LACLEDE-MO,0.6178
GRUNDY-MO,0.6185
MONTGOMERY-MO,0.5331
DOUGLAS-MO,0.5232
REYNOLDS-MO,0.5573
POLK-MO,0.5987
AUDRAIN-MO,0.615
RANDOLPH-MO,0.5554
MORGAN-MO,0.629
PIKE-MO,0.5376
JACKSON-MO,0.5354
SULLIVAN-MO,0.6296
SCOTLAND-MO,0.5303
BENTON-MO,0.5513
MACON-MO,0.586
HENRY-MO,0.5959
CARROLL-MO,0.5325
MARION-MO,0.5459
PHELPS-MO,0.6596
PULASKI-MO,0.6503
HOWELL-MO,0.6717
DADE-MO,0.6637
CEDAR-MO,0.6411
WEBSTER-MO,0.6385
SHANNON-MO,0.6449
JASPER-MO,0.6564
DALLAS-MO,0.7019
BUCHANAN-MO,0.7182
ST. FRANCOIS-MO,0.7016
RIPLEY-MO,0.715
BARRY-MO,0.7099
CARTER-MO,0.7455
CRAWFORD-MO,0.7554
HARRISON-MO,0.7417
WASHINGTON-MO,0.7904
LAWRENCE-MO,0.7866
PETTIS-MO,0.8035
TEXAS-MO,0.8303
TANEY-MO,0.8217
WAYNE-MO,0.7646
SCOTT-MO,0.7844
BUTLER-MO,0.8172
IRON-MO,0.7822
SALINE-MO,0.8162
ST. LOUIS CITY-MO,0.7796
WRIGHT-MO,0.9006
NEW MADRID-MO,0.8968
PEMISCOT-MO,0.9303
MISSISSIPPI-MO,0.9076
MCDONALD-MO,0.8631
DUNKLIN-MO,0.958
YORK-SC,0.3662
DORCHESTER-SC,0.4188
LEXINGTON-SC,0.442
LANCASTER-SC,0.5121
GREENVILLE-SC,0.5038
BERKELEY-SC,0.5146
KERSHAW-SC,0.4959
BEAUFORT-SC,0.4006
CALHOUN-SC,0.5627
PICKENS-SC,0.599
RICHLAND-SC,0.6309
HORRY-SC,0.6102
AIKEN-SC,0.6666
GEORGETOWN-SC,0.6771
CHEROKEE-SC,0.6978
ANDERSON-SC,0.701
OCONEE-SC,0.7293
FAIRFIELD-SC,0.7484
CHESTER-SC,0.7363
MCCORMICK-SC,0.7373
HAMPTON-SC,0.8032
SPARTANBURG-SC,0.7618
SALUDA-SC,0.7949
COLLETON-SC,0.8
ABBEVILLE-SC,0.8564
ORANGEBURG-SC,0.9229
CHESTERFIELD-SC,0.9487
EDGEFIELD-SC,0.8484
DARLINGTON-SC,0.9268
LEE-SC,0.921
JASPER-SC,0.9449
LAURENS-SC,0.9172
NEWBERRY-SC,0.9232
MARION-SC,0.9293
UNION-SC,0.8678
GREENWOOD-SC,0.9344
BAMBERG-SC,0.9516
FLORENCE-SC,0.8987
MARLBORO-SC,0.9869
ALLENDALE-SC,0.993
DILLON-SC,0.9682
WILLIAMSBURG-SC,0.9704
CLARENDON-SC,0.9793
BARNWELL-SC,0.9904
SUMTER-SC,0.9732
BALDWIN-AL,0.2162
MADISON-AL,0.3076
SHELBY-AL,0.1169
ST. CLAIR-AL,0.3656
COLBERT-AL,0.4274
CHEROKEE-AL,0.4516
LAWRENCE-AL,0.4952
AUTAUGA-AL,0.4354
LAUDERDALE-AL,0.4468
BLOUNT-AL,0.4242
CULLMAN-AL,0.5182
LAMAR-AL,0.6264
ELMORE-AL,0.5401
COFFEE-AL,0.5408
LIMESTONE-AL,0.5296
CLEBURNE-AL,0.5417
HENRY-AL,0.5519
JACKSON-AL,0.5726
TUSCALOOSA-AL,0.6255
BIBB-AL,0.6003
COOSA-AL,0.5261
CLAY-AL,0.564
JEFFERSON-AL,0.6621
LEE-AL,0.6602
ETOWAH-AL,0.6564
MARION-AL,0.671
CRENSHAW-AL,0.6873
FAYETTE-AL,0.7038
WINSTON-AL,0.7025
HOUSTON-AL,0.6838
MORGAN-AL,0.6895
RANDOLPH-AL,0.7191
WALKER-AL,0.7452
WASHINGTON-AL,0.7303
MOBILE-AL,0.7532
CHAMBERS-AL,0.7382
MONROE-AL,0.7481
DALE-AL,0.7599
GENEVA-AL,0.7955
MARENGO-AL,0.7621
DEKALB-AL,0.8022
CALHOUN-AL,0.8252
CONECUH-AL,0.8086
CHILTON-AL,0.7602
COVINGTON-AL,0.7723
ESCAMBIA-AL,0.8557
WILCOX-AL,0.928
MONTGOMERY-AL,0.8427
TALLADEGA-AL,0.8736
TALLAPOOSA-AL,0.8863
CLARKE-AL,0.8471
BULLOCK-AL,0.8898
PICKENS-AL,0.9207
PIKE-AL,0.9016
RUSSELL-AL,0.9115
MACON-AL,0.8971
DALLAS-AL,0.949
FRANKLIN-AL,0.8417
BUTLER-AL,0.8653
CHOCTAW-AL,0.8748
LOWNDES-AL,0.9188
SUMTER-AL,0.9557
BARBOUR-AL,0.9959
GREENE-AL,0.9854
PERRY-AL,0.9949
HALE-AL,0.9599
LITCHFIELD-CT,0.0818
MIDDLESEX-CT,0.1182
TOLLAND-CT,0.0694
NEW LONDON-CT,0.3561
FAIRFIELD-CT,0.4497
WINDHAM-CT,0.4232
HARTFORD-CT,0.515
NEW HAVEN-CT,0.5223
GREENE-OH,0.2076
WYANDOT-OH,0.2274
FAIRFIELD-OH,0.2354
DELAWARE-OH,0.0166
KNOX-OH,0.2943
MERCER-OH,0.051
FULTON-OH,0.1777
HENRY-OH,0.1557
DEFIANCE-OH,0.2166
WILLIAMS-OH,0.2691
PREBLE-OH,0.1691
VAN WERT-OH,0.1697
PAULDING-OH,0.2885
MIAMI-OH,0.1191
LAKE-OH,0.1293
AUGLAIZE-OH,0.0535
CARROLL-OH,0.1538
PORTAGE-OH,0.2455
ERIE-OH,0.2914
PUTNAM-OH,0.0153
HANCOCK-OH,0.2111
LICKING-OH,0.229
LOGAN-OH,0.3169
DARKE-OH,0.1347
WOOD-OH,0.1662
UNION-OH,0.0771
GEAUGA-OH,0.0901
MORROW-OH,0.192
CHAMPAIGN-OH,0.2978
SHELBY-OH,0.1892
PICKAWAY-OH,0.2818
OTTAWA-OH,0.1541
MEDINA-OH,0.0102
WARREN-OH,0.0478
CLERMONT-OH,0.1029
WASHINGTON-OH,0.3497
CRAWFORD-OH,0.3191
SUMMIT-OH,0.3334
MADISON-OH,0.3382
TUSCARAWAS-OH,0.3443
BUTLER-OH,0.3618
BELMONT-OH,0.3596
SANDUSKY-OH,0.3987
SENECA-OH,0.3755
STARK-OH,0.3666
MONROE-OH,0.443
FAYETTE-OH,0.5016
FRANKLIN-OH,0.5124
HOCKING-OH,0.4685
WAYNE-OH,0.479
ASHLAND-OH,0.4334
LORAIN-OH,0.5089
HURON-OH,0.4325
TRUMBULL-OH,0.464
CLINTON-OH,0.4424
HARDIN-OH,0.471
BROWN-OH,0.4048
HARRISON-OH,0.5194
NOBLE-OH,0.4293
HOLMES-OH,0.436
COLUMBIANA-OH,0.4854
COSHOCTON-OH,0.6207
JEFFERSON-OH,0.5494
MAHONING-OH,0.5889
LAWRENCE-OH,0.5583
RICHLAND-OH,0.6169
ALLEN-OH,0.5793
HAMILTON-OH,0.5369
PERRY-OH,0.5545
MUSKINGUM-OH,0.5981
MORGAN-OH,0.5659
MONTGOMERY-OH,0.6726
MARION-OH,0.6414
GALLIA-OH,0.664
GUERNSEY-OH,0.6707
MEIGS-OH,0.6787
HIGHLAND-OH,0.6898
CUYAHOGA-OH,0.6809
LUCAS-OH,0.6876
VINTON-OH,0.7229
ROSS-OH,0.7255
CLARK-OH,0.7271
ATHENS-OH,0.7325
SCIOTO-OH,0.8347
PIKE-OH,0.7994
JACKSON-OH,0.7726
ASHTABULA-OH,0.7857
ADAMS-OH,0.7704
LIVINGSTON-KY,0.264
OLDHAM-KY,0.0395
SPENCER-KY,0.0369
CAMPBELL-KY,0.2188
SIMPSON-KY,0.2879
BOONE-KY,0.1277
MEADE-KY,0.3178
BULLITT-KY,0.1385
ANDERSON-KY,0.2637
MARSHALL-KY,0.2723
NELSON-KY,0.2895
WOODFORD-KY,0.2041
GREENUP-KY,0.3217
ROBERTSON-KY,0.3538
LYON-KY,0.3252
KENTON-KY,0.3379
CARLISLE-KY,0.3395
SCOTT-KY,0.3331
HANCOCK-KY,0.3822
BRACKEN-KY,0.3866
TRIGG-KY,0.365
MCLEAN-KY,0.4217
BOYLE-KY,0.4315
CALDWELL-KY,0.4981
MCCRACKEN-KY,0.4153
MADISON-KY,0.4968
GARRARD-KY,0.4299
CALLOWAY-KY,0.4997
WASHINGTON-KY,0.5127
CRITTENDEN-KY,0.4844
PENDLETON-KY,0.415
BALLARD-KY,0.4459
FAYETTE-KY,0.4876
SHELBY-KY,0.4261
MERCER-KY,0.4134
HARRISON-KY,0.5057
JESSAMINE-KY,0.5201
CUMBERLAND-KY,0.5315
BOURBON-KY,0.5561
OHIO-KY,0.5799
LOGAN-KY,0.5287
DAVIESS-KY,0.6169
HENRY-KY,0.5274
JEFFERSON-KY,0.5682
HICKMAN-KY,0.5739
MUHLENBERG-KY,0.6134
HOPKINS-KY,0.5541
GREEN-KY,0.5226
GRAYSON-KY,0.6096
GALLATIN-KY,0.6124
OWEN-KY,0.5264
LARUE-KY,0.5318
UNION-KY,0.5366
LEWIS-KY,0.6242
FRANKLIN-KY,0.5468
GRANT-KY,0.5602
CLARK-KY,0.6061
EDMONSON-KY,0.6357
HARDIN-KY,0.5672
MENIFEE-KY,0.5847
MASON-KY,0.6682
JACKSON-KY,0.6662
HENDERSON-KY,0.7089
BOYD-KY,0.6908
ADAIR-KY,0.7121
MONROE-KY,0.6975
TRIMBLE-KY,0.7143
ALLEN-KY,0.6796
LINCOLN-KY,0.7083
METCALFE-KY,0.6812
WARREN-KY,0.7096
LAUREL-KY,0.7522
BATH-KY,0.729
ROWAN-KY,0.7557
ELLIOTT-KY,0.7239
PULASKI-KY,0.742
LAWRENCE-KY,0.7583
BRECKINRIDGE-KY,0.7376
TAYLOR-KY,0.721
WAYNE-KY,0.7478
WEBSTER-KY,0.7854
CARTER-KY,0.8204
BARREN-KY,0.7761
PIKE-KY,0.7908
HART-KY,0.7659
GRAVES-KY,0.7752
CASEY-KY,0.7656
POWELL-KY,0.7732
BUTLER-KY,0.792
TODD-KY,0.8092
NICHOLAS-KY,0.8197
WHITLEY-KY,0.8379
LESLIE-KY,0.7745
ESTILL-KY,0.7997
BREATHITT-KY,0.822
MONTGOMERY-KY,0.7987
CLINTON-KY,0.778
MAGOFFIN-KY,0.8057
FLEMING-KY,0.771
ROCKCASTLE-KY,0.7882
MORGAN-KY,0.8293
KNOX-KY,0.8325
JOHNSON-KY,0.8102
LEE-KY,0.8182
CLAY-KY,0.9099
LETCHER-KY,0.8755
PERRY-KY,0.9051
MARTIN-KY,0.8494
WOLFE-KY,0.8621
CARROLL-KY,0.8904
FLOYD-KY,0.8503
KNOTT-KY,0.8548
OWSLEY-KY,0.8414
RUSSELL-KY,0.8634
HARLAN-KY,0.8803
MCCREARY-KY,0.878
BELL-KY,0.8927
MARION-KY,0.9057
FULTON-KY,0.8704
CHRISTIAN-KY,0.9127
HARFORD-MD,0.0933
GARRETT-MD,0.1812
ST. MARY'S-MD,0.2086
CARROLL-MD,0.0404
FREDERICK-MD,0.1589
CECIL-MD,0.2933
CALVERT-MD,0.0471
WORCESTER-MD,0.2803
HOWARD-MD,0.1306
CHARLES-MD,0.1723
QUEEN ANNE'S-MD,0.022
MONTGOMERY-MD,0.3255
BALTIMORE-MD,0.3818
KENT-MD,0.4277
ALLEGANY-MD,0.621
CAROLINE-MD,0.5535
WASHINGTON-MD,0.614
PRINCE GEORGE'S-MD,0.6261
DORCHESTER-MD,0.7506
WICOMICO-MD,0.7739
BALTIMORE CITY-MD,0.8312
SOMERSET-MD,0.8978
LAMOURE-ND,0.0443
CASS-ND,0.1427
STUTSMAN-ND,0.2424
TRAILL-ND,0.0927
DUNN-ND,0.2226
EDDY-ND,0.2904
DIVIDE-ND,0.0334
BURKE-ND,0.007
WARD-ND,0.1678
GRAND FORKS-ND,0.3029
STEELE-ND,0.0019
BILLINGS-ND,0.0312
RANSOM-ND,0.0857
CAVALIER-ND,0.0172
GRANT-ND,0.071
SHERIDAN-ND,0.0742
RICHLAND-ND,0.1217
WELLS-ND,0.0611
MCLEAN-ND,0.0834
EMMONS-ND,0.0955
PIERCE-ND,0.1914
TOWNER-ND,0.1946
HETTINGER-ND,0.0561
GOLDEN VALLEY-ND,0.093
MCINTOSH-ND,0.1061
SARGENT-ND,0.0232
KIDDER-ND,0.029
PEMBINA-ND,0.0417
MERCER-ND,0.1016
DICKEY-ND,0.1159
SLOPE-ND,0.0137
MCHENRY-ND,0.0296
ADAMS-ND,0.0299
BOWMAN-ND,0.1755
BURLEIGH-ND,0.1739
STARK-ND,0.214
RENVILLE-ND,0.028
NELSON-ND,0.035
BOTTINEAU-ND,0.0691
OLIVER-ND,0.2108
FOSTER-ND,0.0175
LOGAN-ND,0.0382
GRIGGS-ND,0.0732
MORTON-ND,0.1035
BARNES-ND,0.1245
WILLIAMS-ND,0.251
RAMSEY-ND,0.3532
WALSH-ND,0.3682
MCKENZIE-ND,0.392
MOUNTRAIL-ND,0.3758
SIOUX-ND,0.8844
BENSON-ND,0.8433
ROLETTE-ND,0.907
WINNESHIEK-IA,0.0115
BUTLER-IA,0.0236
BREMER-IA,0.0322
KEOKUK-IA,0.0398
JONES-IA,0.1924
DALLAS-IA,0.0596
CHEROKEE-IA,0.1701
DUBUQUE-IA,0.2347
FREMONT-IA,0.0554
CHICKASAW-IA,0.0599
WASHINGTON-IA,0.2239
FAYETTE-IA,0.2252
O'BRIEN-IA,0.2322
VAN BUREN-IA,0.2465
SCOTT-IA,0.2659
KOSSUTH-IA,0.1048
MARION-IA,0.1949
STORY-IA,0.2124
HENRY-IA,0.3134
DELAWARE-IA,0.0344
RINGGOLD-IA,0.1299
CASS-IA,0.1981
ADAIR-IA,0.0538
DICKINSON-IA,0.0917
ADAMS-IA,0.0376
MILLS-IA,0.1076
HUMBOLDT-IA,0.1446
FRANKLIN-IA,0.1962
WORTH-IA,0.0697
HAMILTON-IA,0.1153
HOWARD-IA,0.1567
WINNEBAGO-IA,0.2061
CLINTON-IA,0.2646
JOHNSON-IA,0.2675
HARRISON-IA,0.0646
POWESHIEK-IA,0.1548
CEDAR-IA,0.008
HANCOCK-IA,0.0713
PLYMOUTH-IA,0.1271
PALO ALTO-IA,0.1729
MONROE-IA,0.2519
BENTON-IA,0.0118
MADISON-IA,0.0204
JACKSON-IA,0.1268
POCAHONTAS-IA,0.1462
LINN-IA,0.1806
GREENE-IA,0.1978
OSCEOLA-IA,0.2634
LUCAS-IA,0.2755
LYON-IA,0.0439
MONONA-IA,0.1796
SIOUX-IA,0.2207
TAYLOR-IA,0.2771
CARROLL-IA,0.0455
WARREN-IA,0.072
CERRO GORDO-IA,0.2497
JASPER-IA,0.2548
AUDUBON-IA,0.0226
IOWA-IA,0.0347
BUCHANAN-IA,0.0662
SAC-IA,0.0748
GUTHRIE-IA,0.122
SHELBY-IA,0.1303
CALHOUN-IA,0.158
GRUNDY-IA,0.0038
MITCHELL-IA,0.086
IDA-IA,0.0866
BOONE-IA,0.1178
HARDIN-IA,0.1242
CLAYTON-IA,0.1841
TAMA-IA,0.3274
PAGE-IA,0.3341
DAVIS-IA,0.3503
ALLAMAKEE-IA,0.322
CLAY-IA,0.3439
FLOYD-IA,0.3596
EMMET-IA,0.3946
MUSCATINE-IA,0.3904
POLK-IA,0.3768
APPANOOSE-IA,0.3783
MAHASKA-IA,0.4637
POTTAWATTAMIE-IA,0.4599
LEE-IA,0.5041
WEBSTER-IA,0.458
LOUISA-IA,0.457
BLACK HAWK-IA,0.4264
UNION-IA,0.4455
DES MOINES-IA,0.4653
WRIGHT-IA,0.4803
JEFFERSON-IA,0.4895
WAYNE-IA,0.4583
CLARKE-IA,0.4847
MONTGOMERY-IA,0.528
WOODBURY-IA,0.6968
DECATUR-IA,0.6822
MARSHALL-IA,0.6863
BUENA VISTA-IA,0.7408
WAPELLO-IA,0.7439
CRAWFORD-IA,0.8551
LOS ALAMOS-NM,0.0248
CATRON-NM,0.3357
HARDING-NM,0.3615
LINCOLN-NM,0.4796
SANDOVAL-NM,0.4818
SANTA FE-NM,0.5255
EDDY-NM,0.7032
UNION-NM,0.6793
DE BACA-NM,0.6939
BERNALILLO-NM,0.6828
TORRANCE-NM,0.749
MORA-NM,0.7959
QUAY-NM,0.8096
LEA-NM,0.9217
SIERRA-NM,0.9146
VALENCIA-NM,0.9041
CURRY-NM,0.8774
SAN JUAN-NM,0.9194
GRANT-NM,0.9296
GUADALUPE-NM,0.9529
CHAVES-NM,0.9551
ROOSEVELT-NM,0.943
TAOS-NM,0.8586
OTERO-NM,0.914
COLFAX-NM,0.9627
SOCORRO-NM,0.9745
HIDALGO-NM,0.9631
DOA ANA-NM,0.9841
SAN MIGUEL-NM,0.9863
MCKINLEY-NM,0.9889
CIBOLA-NM,0.9984
LUNA-NM,0.999
CLINTON-MI,0.0401
MIDLAND-MI,0.1618
IRON-MI,0.2825
KEWEENAW-MI,0.0787
OAKLAND-MI,0.114
SHIAWASSEE-MI,0.1325
DICKINSON-MI,0.2296
MARQUETTE-MI,0.3057
OTTAWA-MI,0.2172
ONTONAGON-MI,0.2732
BENZIE-MI,0.1051
ANTRIM-MI,0.1156
EATON-MI,0.3131
ALLEGAN-MI,0.1758
LAPEER-MI,0.2382
CHEBOYGAN-MI,0.286
EMMET-MI,0.1357
WASHTENAW-MI,0.2236
HURON-MI,0.2745
CHARLEVOIX-MI,0.0968
LEELANAU-MI,0.0245
MENOMINEE-MI,0.2764
ST. CLAIR-MI,0.279
LIVINGSTON-MI,0.0067
BARRY-MI,0.0869
GRAND TRAVERSE-MI,0.1803
ALCONA-MI,0.2557
PRESQUE ISLE-MI,0.2761
CASS-MI,0.328
MASON-MI,0.3376
ALPENA-MI,0.3408
DELTA-MI,0.3545
MACOMB-MI,0.3296
MONTMORENCY-MI,0.3729
OTSEGO-MI,0.3694
MANISTEE-MI,0.3997
TUSCOLA-MI,0.3959
CRAWFORD-MI,0.3697
BAY-MI,0.4404
MISSAUKEE-MI,0.4755
KENT-MI,0.4761
ROSCOMMON-MI,0.4627
KALAMAZOO-MI,0.407
LENAWEE-MI,0.4076
IONIA-MI,0.478
ARENAC-MI,0.5054
GOGEBIC-MI,0.4038
ALGER-MI,0.4481
SANILAC-MI,0.4834
HILLSDALE-MI,0.5019
IOSCO-MI,0.4494
HOUGHTON-MI,0.4962
WEXFORD-MI,0.5035
KALKASKA-MI,0.5083
ISABELLA-MI,0.6016
GLADWIN-MI,0.5398
NEWAYGO-MI,0.6318
LUCE-MI,0.5338
JACKSON-MI,0.5506
GRATIOT-MI,0.6035
INGHAM-MI,0.5742
BRANCH-MI,0.6315
SCHOOLCRAFT-MI,0.5452
MECOSTA-MI,0.5975
MONTCALM-MI,0.6127
OGEMAW-MI,0.6258
BERRIEN-MI,0.6475
MACKINAC-MI,0.6452
VAN BUREN-MI,0.6589
ST. JOSEPH-MI,0.6516
BARAGA-MI,0.6599
OSCODA-MI,0.6694
GENESEE-MI,0.6624
SAGINAW-MI,0.7048
MUSKEGON-MI,0.7035
CHIPPEWA-MI,0.7245
CALHOUN-MI,0.7242
OSCEOLA-MI,0.7401
LAKE-MI,0.7818
CLARE-MI,0.772
OCEANA-MI,0.858
WAYNE-MI,0.8723
SAGADAHOC-ME,0.0522
LINCOLN-ME,0.1143
YORK-ME,0.0936
HANCOCK-ME,0.193
KNOX-ME,0.1475
CUMBERLAND-ME,0.1363
FRANKLIN-ME,0.215
WALDO-ME,0.2197
OXFORD-ME,0.3726
KENNEBEC-ME,0.3787
PISCATAQUIS-ME,0.4898
PENOBSCOT-ME,0.4532
ANDROSCOGGIN-ME,0.5567
AROOSTOOK-ME,0.5946
SOMERSET-ME,0.622
WASHINGTON-ME,0.6439
