County-State,Public
PIKE-AR,8
CLAY-AR,7
ADAMS-NE,18
BREATHITT-KY,10
MENARD-IL,8
NEW HAVEN-CT,269
RUSSELL-KS,5
MOODY-SD,8
BRADLEY-AR,7
HEMPSTEAD-AR,9
BANNER-NE,2
MERRICK-NE,10
LARAMIE-WY,45
YORK-PA,108
BOONE-WV,14
MARSHALL-IL,9
CRAWFORD-IL,10
CLARK-IL,9
DAGGETT-UT,4
WALTHALL-MS,6
UNICOI-TN,6
YAVAPAI-AZ,100
HARRISON-IA,10
CAPE MAY-NJ,34
FOSTER-ND,3
MINER-SD,4
KEYA PAHA-NE,3
CEDAR-NE,10
TIOGA-PA,14
ALEXANDER-IL,5
JEFFERSON-OH,23
ERIE-OH,28
CARSON CITY-NV,15
GRAND-CO,7
ST. CLAIR-MI,56
EDMUNDS-SD,13
NEWTON-IN,7
CASS-IN,17
PRESTON-WV,10
FULTON-IL,24
GALLATIN-IL,3
SCHUYLER-NY,6
FRESNO-CA,351
JEFFERSON-TN,11
CLINTON-MO,12
DOUGLAS-CO,93
CALHOUN-MI,57
ETOWAH-AL,41
CHILTON-AL,14
LEE-AR,2
ELKHART-IN,57
BERKS-PA,98
SCHLEY-GA,2
WILKES-GA,4
PUTNAM-OH,23
MARSHALL-OK,6
MONTEREY-CA,149
BOONE-MO,55
JACKSON-CO,1
AIKEN-SC,40
PINAL-AZ,144
WALTON-FL,20
OTTAWA-KS,6
COWLEY-KS,22
SCOTT-IA,52
CULLMAN-AL,35
MARION-KY,11
LUZERNE-PA,65
SWEET GRASS-MT,6
TELFAIR-GA,4
MONTGOMERY-GA,3
YAZOO-MS,10
GILA-AZ,36
CHARLOTTE-FL,26
ORANGE-FL,275
MITCHELL-KS,4
CLINTON-IA,18
DAVIS-IA,3
MORTON-ND,24
CHISAGO-MN,27
POSEY-IN,9
CLARK-WA,139
LAWRENCE-KY,6
RAVALLI-MT,22
UINTAH-UT,16
QUITMAN-GA,2
WORTH-GA,5
LAKE-OH,58
MEIGS-OH,8
KEMPER-MS,4
MAURY-TN,21
LA PLATA-CO,24
OUTAGAMIE-WI,72
CRAWFORD-IA,13
ALLAMAKEE-IA,10
ARENAC-MI,10
CROW WING-MN,23
POLK-MN,20
CODINGTON-SD,17
MONROE-WV,5
SANGAMON-IL,74
TOWNS-GA,3
WAYNE-MS,8
ANDERSON-KS,6
WAYNE-MI,608
ISANTI-MN,20
PHILLIPS-MT,13
CORTLAND-NY,18
PICKENS-GA,7
HENRY-OH,11
LAKE-TN,3
LAFAYETTE-MO,19
CONEJOS-CO,10
WALLACE-KS,4
CASS-ND,59
MCLEOD-MN,19
MILLE LACS-MN,22
TIPPECANOE-IN,37
WHITLEY-IN,11
HENRY-IN,18
HANCOCK-IN,22
CROOK-WY,6
KNOTT-KY,8
SUMMIT-UT,24
POLK-GA,11
HOUSTON-GA,37
LAMAR-GA,4
MERCED-CA,114
JACKSON-MO,234
CLEAR CREEK-CO,5
DOUGLAS-OR,48
HIDALGO-NM,7
SANTA FE-NM,52
ISABELLA-MI,22
BAY-MI,36
JACKSON-MI,73
CLAY-AL,4
DOUGLAS-SD,6
DEWEY-SD,10
CAMPBELL-SD,3
KENT-RI,46
HARLAN-KY,14
ROCK ISLAND-IL,54
LINCOLN-GA,3
LE FLORE-OK,38
MONROE-MO,10
PITKIN-CO,6
SHAWANO-WI,17
SANTA ROSA-FL,39
GADSDEN-FL,24
SHERIDAN-KS,3
JEFFERSON-ID,15
MORRISON-MN,24
CLEARWATER-MN,5
CLARK-AR,9
CRAIGHEAD-AR,36
JEFFERSON-IN,11
JEFFERSON-WA,15
POTTER-PA,10
FRANKLIN-IL,20
WINDHAM-CT,52
FANNIN-GA,5
WARE-GA,10
COSTILLA-CO,2
MARION-SC,11
WASHINGTON-FL,11
MANATEE-FL,80
CARIBOU-ID,8
ADAMS-ID,3
WAYNE-IN,23
MORGAN-IN,22
SPOKANE-WA,176
CALHOUN-WV,4
SHELBY-TN,268
WORTH-MO,2
HORRY-SC,57
MARICOPA-AZ,1274
JERAULD-SD,7
TRIGG-KY,4
LOGAN-IL,14
WILLIAMSON-IL,25
CUSTER-MT,13
ORANGE-NY,82
ONTARIO-NY,29
PAULDING-OH,10
GRENADA-MS,6
HAWAII-HI,56
DOLORES-CO,3
LAFAYETTE-WI,17
OTTAWA-MI,99
HUNTERDON-NJ,55
OUACHITA-AR,9
HANCOCK-KY,4
CALHOUN-GA,4
JOHNSON-GA,3
WILLIAMSON-TN,52
SCHUYLER-MO,2
MUSCATINE-IA,16
MELLETTE-SD,5
SHELBY-IN,17
WHEELER-NE,2
THOMAS-NE,3
GARRARD-KY,6
BULLITT-KY,26
PUTNAM-WV,23
FRANKLIN-NY,21
TWIGGS-GA,3
WILLIAMS-OH,17
PITTSBURG-OK,34
KNOX-TN,90
GRANT-WI,31
POPE-MN,8
HYDE-SD,5
FAULKNER-AR,39
CLAY-NE,9
WAYNE-WV,22
RITCHIE-WV,6
HARRISON-WV,28
LEWIS-NY,14
HAMILTON-NY,5
WARREN-NY,19
MIDDLESEX-CT,64
FRANKLIN-MS,5
CALLAWAY-MO,24
CROOK-OR,8
BROWN-KS,7
WATONWAN-MN,10
CRAWFORD-AR,24
MONTGOMERY-KY,12
LESLIE-KY,7
JASPER-IL,7
BAKER-GA,2
JACKSON-GA,19
KIOWA-KS,4
OWYHEE-ID,10
BLACKFORD-IN,5
LAUREL-KY,20
PLEASANTS-WV,5
BIG HORN-MT,16
KERN-CA,268
HUMBOLDT-CA,89
MONTGOMERY-MS,5
ARCHULETA-CO,4
LINCOLN-OR,18
BAKER-FL,10
ALACHUA-FL,69
KEOKUK-IA,7
CLARKE-IA,5
BOISE-ID,6
MARION-AL,15
WABASHA-MN,13
MONROE-IN,32
PIKE-IN,5
ROCK-NE,4
WESTON-WY,7
BOURBON-KY,10
STEPHENS-GA,6
TERRELL-GA,4
TEXAS-OK,23
WOODS-OK,9
NAPA-CA,46
DOUGLAS-WI,15
GREENWOOD-KS,6
MONTCALM-MI,40
WILCOX-AL,6
FULTON-AR,6
DELAWARE-IN,36
BOONE-KY,29
MCKEAN-PA,14
WINNEBAGO-IL,92
IROQUOIS-IL,24
DEER LODGE-MT,4
BURKE-GA,5
SUMMIT-OH,150
STEPHENS-OK,26
IMPERIAL-CA,74
DEL NORTE-CA,17
NEWTON-MS,12
DICKSON-TN,16
HICKORY-MO,10
TANEY-MO,21
OTSEGO-MI,9
KITTSON-MN,6
RANDOLPH-AR,6
MONTGOMERY-NY,16
FAYETTE-GA,25
POLK-MO,19
COLLETON-SC,9
COLLIER-FL,71
CIBOLA-NM,17
MONTMORENCY-MI,4
MARENGO-AL,10
LEWIS-KY,7
GREENE-NY,16
CACHE-UT,46
CARROLL-OH,11
MADISON-OH,17
SANTA CRUZ-CA,81
LEAKE-MS,8
CHARITON-MO,8
CRAWFORD-MO,9
DILLON-SC,12
GULF-FL,7
GRATIOT-MI,27
REDWOOD-MN,14
MORGAN-WV,7
COLES-IL,17
GALLATIN-MT,45
RICH-UT,5
MIAMI-OH,34
INYO-CA,25
BENTON-MS,5
SIOUX-IA,15
CHICKASAW-IA,8
OSCODA-MI,3
MINIDOKA-ID,12
SHERIDAN-ND,4
WADENA-MN,11
WASHINGTON-AR,69
SUFFOLK-MA,166
WHATCOM-WA,76
SALT LAKE-UT,316
HARDIN-TN,7
SUSSEX-NJ,47
CALHOUN-AL,38
JACKSON-MN,6
ST. LOUIS-MN,90
BULLOCH-GA,16
BENTON-TN,6
DENVER-CO,212
CHIPPEWA-WI,26
SAN JUAN-NM,63
CASS-IA,13
MARTIN-MN,13
HENNEPIN-MN,487
WASHINGTON-MN,97
MARION-AR,8
BARREN-KY,20
HICKMAN-KY,2
OHIO-WV,14
HENRY-IL,28
HARDIN-IL,3
ERIE-NY,219
FRANKLIN-GA,6
EARLY-GA,3
CRAIG-OK,13
WOODSON-KS,2
LEAVENWORTH-KS,26
MONTGOMERY-AL,59
WRIGHT-MN,74
FALL RIVER-SD,8
BROWN-SD,22
SHARP-AR,6
METCALFE-KY,3
RANDOLPH-IL,14
HANCOCK-IL,15
MILLER-GA,3
OVERTON-TN,7
MARION-OR,114
JEFFERSON-FL,10
STORY-IA,26
GRAND TRAVERSE-MI,32
SWIFT-MN,9
PERKINS-SD,6
HOT SPRING-AR,15
RENSSELAER-NY,41
CHATTOOGA-GA,9
GUERNSEY-OH,16
GLENN-CA,26
DANE-WI,169
GUADALUPE-NM,8
HODGEMAN-KS,2
ALLEN-IN,87
CRAWFORD-IN,5
NANTUCKET-MA,4
NELSON-KY,18
MINGO-WV,11
COWETA-GA,30
HARRISON-OH,5
AUGLAIZE-OH,18
VENTURA-CA,236
SHARKEY-MS,4
WASHINGTON-TN,27
ANDREW-MO,11
JEFFERSON-MO,66
WASHINGTON-IN,8
FREMONT-WY,35
WARREN-KY,46
RUSSELL-KY,6
WIBAUX-MT,3
TETON-MT,17
LEWIS AND CLARK-MT,27
PARK-MT,16
PUTNAM-GA,4
LIBERTY-GA,12
STARK-OH,108
ROSS-OH,28
CREEK-OK,38
LINCOLN-TN,11
OCONTO-WI,21
BARRON-WI,37
MENOMINEE-MI,18
CAMAS-ID,2
GRIGGS-ND,3
WINONA-MN,19
JEFFERSON-AR,27
STARKE-IN,7
ELK-PA,10
DAWSON-GA,7
WHITFIELD-GA,32
HARRIS-GA,7
CLAY-TN,3
MISSISSIPPI-MO,8
LAS ANIMAS-CO,13
JACKSON-KS,8
WEBSTER-IA,11
WILLIAMS-ND,24
UNION-SD,13
POPE-AR,22
EDGAR-IL,18
LAKE-MT,21
WILKINSON-GA,4
UPSON-GA,4
DEKALB-GA,152
WILSON-TN,27
TODD-NE,2
CABELL-WV,29
ROANE-WV,5
PAULDING-GA,33
DADE-MO,10
TEXAS-MO,16
IRON-MO,9
MERRIMACK-NH,61
FRANKLIN-FL,5
THOMAS-KS,7
ADAIR-IA,5
OSCEOLA-MI,16
STEELE-MN,19
DAY-SD,7
TETON-WY,11
GRADY-GA,7
TURNER-GA,4
FORSYTH-GA,37
ESMERALDA-NV,3
PLACER-CA,116
UNION-TN,10
WASHINGTON-CO,11
MARLBORO-SC,8
OZAUKEE-WI,28
GREENLEE-AZ,10
GILCHRIST-FL,8
ROOKS-KS,7
CUSTER-ID,6
DAKOTA-NE,11
SEWARD-NE,7
MCDONOUGH-IL,15
KNOX-IL,22
MORGAN-TN,8
MARION-TN,12
SMITH-TN,9
MARION-MO,15
DECATUR-KS,2
SALEM-NJ,33
LAKE-MN,5
ARKANSAS-AR,9
JOHNSON-IN,38
COWLITZ-WA,45
FULTON-PA,8
JERSEY-IL,8
HENDERSON-IL,4
BOONE-IL,19
ESSEX-NY,17
FAIRFIELD-CT,280
MADERA-CA,79
NEVADA-CA,53
MODOC-CA,11
JONES-MS,20
FRANKLIN-MO,42
DESCHUTES-OR,49
CHEROKEE-IA,10
MCKENZIE-ND,9
GARFIELD-NE,2
SNYDER-PA,8
VALLEY-MT,16
OGLETHORPE-GA,4
FULTON-OH,21
RALLS-MO,3
SAGUACHE-CO,8
GEORGETOWN-SC,19
COLFAX-NM,16
SOCORRO-NM,12
BUCHANAN-IA,18
HURON-MI,26
CAVALIER-ND,4
DICKEY-ND,5
BURLEIGH-ND,36
ARTHUR-NE,2
MARTIN-KY,7
LUMPKIN-GA,5
BERRIEN-GA,5
FAIRFIELD-OH,46
GASCONADE-MO,7
SCOTLAND-MO,2
FORD-KS,16
NANCE-NE,4
DODGE-NE,21
SANDERS-MT,16
WEBER-UT,82
WILCOX-GA,3
ATCHISON-MO,7
LIVINGSTON-MO,11
SCOTT-MO,23
CHEYENNE-CO,4
PRATT-KS,5
BERGEN-NJ,284
MARSHALL-AL,35
YELLOW MEDICINE-MN,7
YAKIMA-WA,113
WOODFORD-KY,7
ALLEN-KY,5
WAUSHARA-WI,12
SAC-IA,8
LAUDERDALE-AL,19
WASECA-MN,12
CHIPPEWA-MN,11
BROOKINGS-SD,18
BOONE-NE,8
JOHNSON-KY,14
JUAB-UT,10
BROOKS-GA,6
MCMINN-TN,15
DEKALB-MO,9
PETTIS-MO,20
NORTON-KS,5
WOODBURY-IA,37
LAWRENCE-SD,15
CARLISLE-KY,3
ADAMS-PA,27
ELBERT-GA,5
PONTOTOC-OK,23
POLK-TN,6
CHESTERFIELD-SC,16
CLARENDON-SC,14
GOODING-ID,10
DALLAS-AL,24
PULASKI-AR,127
WHITE-IN,12
HAMILTON-NE,9
FAYETTE-KY,77
HOPKINS-KY,22
LIVINGSTON-IL,23
MONTGOMERY-OH,161
ATHENS-OH,20
TILLMAN-OK,12
AMITE-MS,3
MACON-TN,8
LANCASTER-SC,20
COFFEY-KS,11
HARVEY-KS,17
COFFEE-AL,16
CONECUH-AL,8
CARROLL-IN,6
HAYES-NE,2
NORTHUMBERLAND-PA,24
PETROLEUM-MT,3
BROADWATER-MT,3
SUTTER-CA,46
BOULDER-CO,88
KERSHAW-SC,20
DALLAS-IA,35
SCHOOLCRAFT-MI,4
UNION-NJ,178
CASS-NE,15
SULLIVAN-PA,2
SCHUYLER-IL,5
POWDER RIVER-MT,6
PERRY-OH,15
MCCURTAIN-OK,29
PICKETT-TN,2
STEWART-TN,4
BAKER-OR,12
FREMONT-IA,6
WAPELLO-IA,15
LAWRENCE-AL,15
FARIBAULT-MN,12
OLMSTED-MN,66
CARROLL-AR,10
BATH-KY,5
HARDY-WV,6
STEPHENSON-IL,23
COLQUITT-GA,14
ADAMS-WI,5
WASHBURN-WI,17
HIGHLANDS-FL,24
ESSEX-NJ,249
MORRIS-NJ,158
GRANT-MN,7
BOYD-NE,11
FURNAS-NE,8
MCCRACKEN-KY,22
CHESTER-PA,115
PERRY-PA,15
UPSHUR-WV,10
WHITE-IL,15
SHELBY-IL,14
MASSAC-IL,10
ROSEBUD-MT,15
MADISON-MT,13
WASATCH-UT,11
EUREKA-NV,4
BECKHAM-OK,16
OTTAWA-OK,22
QUITMAN-MS,4
GENTRY-MO,7
LOGAN-KS,5
HARDIN-IA,13
GRUNDY-IA,11
STANTON-NE,3
ISLAND-WA,25
LINCOLN-WY,14
CAMPBELL-KY,27
NICHOLAS-KY,2
CLARION-PA,17
CUMBERLAND-PA,58
BEDFORD-PA,19
MONROE-OH,8
STANISLAUS-CA,191
WEAKLEY-TN,10
PUTNAM-MO,3
HOOD RIVER-OR,8
PASCO-FL,121
LAKE-FL,61
HAMILTON-FL,9
OTERO-NM,25
SHAWNEE-KS,57
RICE-MN,31
CARTER-MT,6
MITCHELL-GA,8
TALIAFERRO-GA,1
MAYES-OK,22
CATRON-NM,6
REPUBLIC-KS,5
KENT-MI,251
MADISON-ID,15
OTOE-NE,9
SUBLETTE-WY,8
CAMBRIA-PA,39
JACKSON-WV,13
BLAINE-MT,16
WAYNE-NY,38
RICHMOND-GA,61
GREENE-OH,38
CLARK-NV,429
CARTER-OK,28
KINGS-CA,68
TRINITY-CA,23
ROANE-TN,17
MESA-CO,55
UNION-OR,14
LUCAS-IA,4
TOWNER-ND,2
PIPESTONE-MN,10
NORMAN-MN,7
DEUEL-NE,4
RICHARDSON-NE,8
PIKE-MS,19
BARRY-MO,20
OCEANA-MI,12
LAMOURE-ND,9
DUNN-ND,6
DOUGLAS-MN,20
DESHA-AR,6
PHILLIPS-AR,11
ASOTIN-WA,11
GOSHEN-WY,12
MONROE-IL,15
FAYETTE-IL,14
VAN WERT-OH,13
CLINTON-OH,17
ST. LOUIS-MO,391
WASHINGTON-WI,40
LINCOLN-WI,13
MUSKEGON-MI,75
IRON-MI,4
GREGORY-SD,10
WELLS-IN,9
HITCHCOCK-NE,4
GRAYS HARBOR-WA,41
WAYNE-PA,11
ST. LAWRENCE-NY,40
WASHINGTON-GA,5
CHATHAM-GA,60
PERSHING-NV,6
SAUK-WI,32
PINELLAS-FL,169
OKEECHOBEE-FL,18
RAWLINS-KS,2
PAGE-IA,11
MARSHALL-IN,16
HUNTINGTON-IN,12
CUMING-NE,9
TAYLOR-WV,6
CASS-IL,8
ANDERSON-TN,26
LEWIS-TN,4
REYNOLDS-MO,8
OSBORNE-KS,5
DELAWARE-IA,10
ST. JOSEPH-IN,73
BENTON-IN,4
FAYETTE-IN,9
BARTHOLOMEW-IN,19
SCOTTS BLUFF-NE,32
KEARNEY-NE,9
HALL-NE,32
JOHNSON-IL,7
PRAIRIE-MT,3
MARION-GA,2
HICKMAN-TN,8
ARAPAHOE-CO,166
CLEARWATER-ID,7
CHARLES MIX-SD,15
CROSS-AR,6
GREEN-KY,5
CRITTENDEN-KY,4
LICKING-OH,58
SUMNER-TN,49
LINCOLN-MO,20
WAUKESHA-WI,114
HAMILTON-KS,2
WEXFORD-MI,18
LAKE OF THE WOODS-MN,2
VAN BUREN-AR,7
JASPER-IN,10
BENTON-WA,64
LINCOLN-WV,8
MINERAL-MT,9
WASHINGTON-UT,57
WAGONER-OK,22
LAUDERDALE-TN,7
BARNWELL-SC,11
BEAUFORT-SC,35
FOND DU LAC-WI,43
BARBOUR-AL,9
HAND-SD,4
BENTON-AR,75
ORANGE-IN,7
DUNDY-NE,2
NEMAHA-NE,7
FRANKLIN-NE,3
MIDDLESEX-MA,382
BELL-KY,19
JEFFERSON-MT,14
HOLMES-MS,8
TISHOMINGO-MS,8
BUTLER-MO,19
WASHINGTON-MO,13
GRANT-NM,16
CLOUD-KS,8
SEDGWICK-KS,157
AUDUBON-IA,3
ROSCOMMON-MI,15
OCEAN-NJ,120
WOODRUFF-AR,4
HAMPDEN-MA,163
CLARK-KY,10
JEFFERSON-KY,177
ALLEGHENY-PA,290
INDIANA-PA,23
COLUMBIA-PA,19
BRANTLEY-GA,7
COVINGTON-MS,10
GILES-TN,8
ADAIR-MO,9
GILLIAM-OR,3
BROWARD-FL,361
SALINE-KS,16
JEROME-ID,9
SOMERSET-NJ,83
HALE-AL,7
LAFAYETTE-AR,5
WEBSTER-NE,6
ARMSTRONG-PA,17
MARSHALL-WV,14
WABASH-IL,5
CHRISTIAN-IL,20
JACKSON-IL,23
UNION-GA,5
TAYLOR-GA,5
MORGAN-GA,4
TUSCARAWAS-OH,43
HARMON-OK,3
MARSHALL-IA,16
RAMSEY-ND,12
BILLINGS-ND,2
CORSON-SD,11
PERRY-AR,4
LAWRENCE-IN,19
CENTRE-PA,34
HARTFORD-CT,348
EATON-MI,52
FRANKLIN-AR,9
DUKES-MA,8
CAMPBELL-WY,25
SULLIVAN-TN,42
HAYWOOD-TN,5
WAYNE-MO,7
COOS-NH,23
ST. CROIX-WI,31
CALHOUN-FL,10
SANDOVAL-NM,45
CHEYENNE-KS,4
RINGGOLD-IA,4
HAMILTON-IL,4
DANIELS-MT,3
DUCHESNE-UT,13
TIFT-GA,11
TOOMBS-GA,9
JEFFERSON-OK,9
DESOTO-MS,41
BROOMFIELD-CO,15
DICKINSON-KS,18
COLUMBIA-WA,4
FRANKLIN-KY,18
BEAVERHEAD-MT,12
WARREN-GA,3
CHEROKEE-SC,19
SUMTER-SC,28
LANGLADE-WI,13
PIMA-AZ,383
VOLUSIA-FL,91
SMITH-KS,4
MONROE-MI,53
WASHINGTON-ID,9
CARLTON-MN,26
COLFAX-NE,13
BROWN-IL,3
CRAWFORD-OH,19
LANDER-NV,7
TULSA-OK,183
MADISON-MO,6
YUMA-AZ,83
LEELANAU-MI,8
TETON-ID,7
ST. CLAIR-AL,27
BLUE EARTH-MN,26
SEVIER-AR,8
POWELL-KY,6
CARTER-KY,12
NORTHAMPTON-PA,61
DELAWARE-NY,22
PIERCE-GA,5
LEWIS-MO,4
HILLSBOROUGH-FL,323
PRESQUE ISLE-MI,9
ATLANTIC-NJ,82
LEE-KY,3
MENIFEE-KY,3
CLAY-IL,8
HOCKING-OH,8
MCCLAIN-OK,21
SCOTT-TN,10
STE. GENEVIEVE-MO,4
ADDISON-VT,24
ORLEANS-VT,21
HARNEY-OR,15
ST. JOSEPH-MI,37
CHEBOYGAN-MI,10
CLARK-ID,2
DIVIDE-ND,2
SCOTT-MN,60
NOBLE-IN,16
POWELL-MT,9
ORLEANS-NY,13
FLOYD-GA,29
LOWNDES-GA,20
KENT-DE,52
SEMINOLE-OK,24
SAN BENITO-CA,27
ALPINE-CA,3
SIMPSON-MS,9
JOSEPHINE-OR,24
PORTAGE-WI,32
CHAVES-NM,33
WALSH-ND,13
TURNER-SD,15
WASHINGTON-NE,10
OWSLEY-KY,2
FRANKLIN-PA,42
DOUGLAS-GA,35
WILKINSON-MS,5
CALHOUN-MS,9
PUTNAM-TN,20
CLAY-MO,74
DALLAS-MO,4
BOLLINGER-MO,9
MADISON-AL,80
WARRICK-IN,18
EMANUEL-GA,6
SEQUOYAH-OK,25
RIO BLANCO-CO,5
DUNN-WI,17
TWIN FALLS-ID,37
GEM-ID,9
MCPHERSON-ND,1
FAULK-SD,6
MADISON-IN,31
HARRISON-IN,15
OWEN-IN,6
FILLMORE-NE,10
CUSTER-NE,15
HUMBOLDT-NV,16
CANADIAN-OK,45
OKMULGEE-OK,23
SAN FRANCISCO-CA,134
HOUSTON-TN,4
DENT-MO,9
BUFFALO-WI,10
LEMHI-ID,9
ROLETTE-ND,18
BOWMAN-ND,5
LE SUEUR-MN,13
STEARNS-MN,65
LOGAN-OK,13
CROCKETT-TN,7
POLK-OR,24
GREEN-WI,20
RENVILLE-ND,4
MONTGOMERY-AR,7
FRANKLIN-MA,39
WHITE PINE-NV,12
DELAWARE-OK,19
HANCOCK-MS,11
TIPTON-TN,14
HONOLULU-HI,184
WILLIAMSBURG-SC,12
MULTNOMAH-OR,162
DE BACA-NM,3
MARION-IA,17
SIOUX-ND,7
MORGAN-AL,45
LINCOLN-AR,3
GRANT-NE,2
FAYETTE-PA,43
CHATTAHOOCHEE-GA,3
CAMPBELL-TN,12
PLATTE-MO,32
PERRY-MO,6
UNION-SC,9
GREENVILLE-SC,107
CLARK-WI,20
SCOTT-KS,3
MIAMI-KS,13
DICKINSON-IA,9
MILLS-IA,6
BARAGA-MI,5
RANSOM-ND,9
KINGSBURY-SD,15
YORK-NE,9
BRISTOL-MA,143
MADISON-IL,77
GENESEE-NY,21
BOX ELDER-UT,25
JONES-GA,7
LYON-NV,20
BELKNAP-NH,22
LEA-NM,38
MORA-NM,6
CAMDEN-NJ,168
LAMAR-AL,5
HUTCHINSON-SD,19
BOYLE-KY,14
CASCADE-MT,43
MORGAN-UT,5
SANTA CLARA-CA,419
HUMPHREYS-MS,5
BUCHANAN-MO,35
JACKSON-OR,62
RANDOLPH-AL,12
BROWN-MN,16
SPENCER-IN,10
MCLEAN-KY,5
TOOLE-MT,10
CLARKE-GA,22
CAMDEN-MO,15
ELBERT-CO,17
MOHAVE-AZ,70
CHESHIRE-NH,38
JOHNSON-KS,158
SHIAWASSEE-MI,32
MURRAY-MN,4
CHICOT-AR,8
BLAINE-NE,1
PULASKI-KY,19
UNION-PA,10
LEE-IL,16
CRISP-GA,6
MADISON-GA,8
HAMILTON-OH,199
PAYNE-OK,26
ADAMS-MS,11
TALLAHATCHIE-MS,7
HARRISON-MS,54
RHEA-TN,8
MCNAIRY-TN,8
MARATHON-WI,51
DESOTO-FL,13
PUTNAM-FL,25
HASKELL-KS,6
GREELEY-KS,2
HOOKER-NE,2
PLATTE-NE,15
FULTON-KY,4
BEAVER-UT,7
PIUTE-UT,5
GORDON-GA,15
CATOOSA-GA,16
CHEROKEE-OK,21
CALDWELL-MO,14
STONE-MO,17
GRAND ISLE-VT,5
MONTEZUMA-CO,19
ALLEN-KS,10
MORRILL-NE,5
KAY-OK,22
RAY-MO,12
LARIMER-CO,94
LINCOLN-NM,15
LANE-KS,4
TUSCOLA-MI,30
PAWNEE-NE,4
BRADFORD-PA,19
LYON-CA,1
ROGER MILLS-OK,6
SOLANO-CA,110
MEIGS-TN,4
ST. FRANCOIS-MO,28
MADISON-FL,15
BOUNDARY-ID,5
SARGENT-ND,6
BOONE-IN,17
WAYNE-KY,9
TODD-KY,5
BUTLER-KY,7
POCAHONTAS-WV,5
MCDOWELL-WV,11
MCLEAN-IL,58
DE WITT-IL,7
TREASURE-MT,3
FLATHEAD-MT,45
TRUMBULL-OH,71
WASHINGTON-MS,25
LACLEDE-MO,11
CEDAR-MO,6
ST. CHARLES-MO,88
OTERO-CO,14
JUNEAU-WI,23
UNION-NM,7
MARQUETTE-MI,25
NELSON-ND,4
MADISON-AR,8
BAXTER-AR,10
CARROLL-IL,9
DOOLY-GA,4
DEKALB-TN,5
ANDERSON-SC,56
RICHLAND-WI,10
FRANKLIN-IA,8
MARSHALL-MN,13
SULLIVAN-IN,11
NUCKOLLS-NE,6
SNOHOMISH-WA,229
PACIFIC-WA,21
ESTILL-KY,7
GRAYSON-KY,8
CARROLL-KY,8
TRIMBLE-KY,4
SUMMERS-WV,5
WOODFORD-IL,20
SALINE-IL,14
GEAUGA-OH,24
JOHNSTON-OK,13
DAVIDSON-TN,167
SULLIVAN-MO,8
RUTLAND-VT,32
RIO GRANDE-CO,12
GRAY-KS,8
LINCOLN-MN,13
GRANT-SD,9
CLEVELAND-AR,5
SCOTT-IN,9
THURSTON-NE,10
MERCER-WV,29
SAN BERNARDINO-CA,563
COAHOMA-MS,15
DARLINGTON-SC,23
YAMHILL-OR,34
PLYMOUTH-IA,16
GUTHRIE-IA,9
BERRIEN-MI,80
BEAR LAKE-ID,6
CUMBERLAND-NJ,58
LEE-AL,37
GENEVA-AL,13
TRAVERSE-MN,4
CLAY-SD,5
KEITH-NE,4
JOHNSON-NE,6
HARDIN-KY,36
CHAMPAIGN-OH,17
JACKSON-OK,20
CUSTER-OK,15
LASSEN-CA,25
CLAIBORNE-TN,12
JONES-SD,3
JACKSON-AR,5
GARDEN-NE,2
POLK-NE,11
MONROE-NY,185
IRWIN-GA,3
COLUMBIA-GA,32
MAHONING-OH,75
HARRISON-MO,13
ASHLAND-WI,15
RUSK-WI,9
MEADE-KS,5
TALLAPOOSA-AL,11
NICOLLET-MN,23
SUSQUEHANNA-PA,15
KANAWHA-WV,70
WIRT-WV,3
STARK-IL,5
GARFIELD-UT,9
COCKE-TN,12
ROUTT-CO,15
WAUPACA-WI,28
BENTON-IA,12
ANTRIM-MI,13
PENNINGTON-MN,6
KNOX-IN,12
LAKE-IL,205
ROOSEVELT-MT,22
DAWSON-MT,10
YELLOWSTONE-MT,62
LATIMER-OK,9
GREENE-MO,92
PROWERS-CO,13
NEWAYGO-MI,27
AUTAUGA-AL,15
KLICKITAT-WA,22
WOLFE-KY,7
HUNTINGDON-PA,19
SCOTT-IL,5
YATES-NY,6
OTSEGO-NY,22
WASHINGTON-OH,23
CRAWFORD-WI,15
POTTAWATOMIE-KS,12
ITASCA-MN,26
PRAIRIE-AR,4
CLAY-KY,12
FOREST-PA,4
CARBON-PA,22
WARREN-IL,11
LITCHFIELD-CT,79
HALL-GA,42
LEE-GA,8
GALLIA-OH,14
LAWRENCE-TN,12
CARROLL-TN,13
HILLSBOROUGH-NH,120
WILSON-KS,8
CONVERSE-WY,15
BRISTOL-RI,12
JEFF DAVIS-GA,4
ALFALFA-OK,8
COLUSA-CA,22
SHANNON-MO,8
LINCOLN-CO,5
DORCHESTER-SC,31
TAOS-NM,24
TREGO-KS,2
ELLSWORTH-KS,6
BOTTINEAU-ND,7
FRANKLIN-WA,36
CHARLTON-GA,4
CLARK-OH,50
GARFIELD-OK,34
OREGON-MO,8
KNOX-MO,2
WINDHAM-VT,28
RICHLAND-SC,105
SHERMAN-OR,1
CALUMET-WI,22
IZARD-AR,7
CLINTON-IN,11
FULTON-IN,7
CLALLAM-WA,30
LINCOLN-KY,10
WYOMING-NY,13
HINDS-MS,90
ESSEX-VT,4
WASHINGTON-OR,130
CURRY-OR,7
WINNESHIEK-IA,12
COOK-MN,8
DAVIESS-IN,11
MERCER-KY,8
SHERIDAN-MT,9
KINGS-NY,572
BARTOW-GA,23
COBB-GA,125
STOREY-NV,4
NYE-NV,29
MURRAY-OK,9
BENT-CO,6
RIO ARRIBA-NM,32
CHARLEVOIX-MI,16
BANNOCK-ID,35
GLOUCESTER-NJ,86
MERCER-ND,6
BALDWIN-AL,46
HUBBARD-MN,11
SCOTT-AR,6
CONWAY-AR,11
FLOYD-IN,17
CLAY-IN,10
GAGE-NE,14
THAYER-NE,8
VAN BUREN-TN,2
HOWARD-MO,7
OSAGE-MO,6
BACA-CO,11
GREENWOOD-SC,21
BURNETT-WI,10
ROOSEVELT-NM,13
LINCOLN-ID,6
BENNETT-SD,4
NIOBRARA-WY,4
GALLATIN-KY,4
EVANS-GA,5
PORTAGE-OH,52
SCIOTO-OH,33
STONE-MS,4
HENRY-MO,16
MORGAN-MO,6
SAN JUAN-CO,3
STEVENS-KS,6
NESS-KS,5
LABETTE-KS,17
LINN-IA,77
BLOUNT-AL,20
COTTONWOOD-MN,12
MINNEHAHA-SD,73
POLK-AR,9
LINCOLN-WA,15
WHEELER-GA,3
PEACH-GA,6
YOLO-CA,65
PLUMAS-CA,15
ATTALA-MS,11
LOWNDES-MS,21
PEPIN-WI,4
MIAMI-DADE-FL,541
DIXIE-FL,11
MARSHALL-KS,9
DEKALB-IN,14
PHELPS-NE,8
MEADE-KY,12
SAN JUAN-UT,13
COLUMBIANA-OH,38
HENDERSON-TN,11
MADISON-IA,10
POLK-IA,130
BOONE-IA,15
PALO ALTO-IA,10
VALLEY-ID,8
HOWARD-IN,27
CALLOWAY-KY,13
DUTCHESS-NY,77
BUTTS-GA,5
HARPER-OK,4
NODAWAY-MO,17
MORROW-OR,9
LINCOLN-KS,3
CALHOUN-IA,5
DELTA-MI,18
DICKINSON-MI,15
PASSAIC-NJ,157
OHIO-IN,3
DUBOIS-IN,18
ANTELOPE-NE,15
BRACKEN-KY,4
LETCHER-KY,12
GILMER-GA,6
BALDWIN-GA,11
SCREVEN-GA,3
PIKE-OH,15
BATES-MO,15
OGEMAW-MI,5
KOOTENAI-ID,48
TALLADEGA-AL,29
SEBASTIAN-AR,42
MONTGOMERY-IN,16
PIKE-PA,14
CLINCH-GA,3
BLECKLEY-GA,5
JASPER-GA,4
GREENE-TN,23
TROUSDALE-TN,3
DOUGLAS-MO,5
OZARK-MO,9
GILPIN-CO,2
COCHISE-AZ,83
BAY-FL,53
JEFFERSON-AL,173
ROSEAU-MN,12
HUGHES-SD,7
CRITTENDEN-AR,20
FRANKLIN-IN,7
LANCASTER-NE,89
ADAMS-WA,15
CUMBERLAND-KY,3
MONTGOMERY-PA,158
LOGAN-WV,18
STILLWATER-MT,18
KINGFISHER-OK,17
CHITTENDEN-VT,51
COOS-OR,24
SHEBOYGAN-WI,50
COLUMBIA-WI,35
RILEY-KS,18
WASHINGTON-IA,14
SLOPE-ND,2
AITKIN-MN,10
DEARBORN-IN,14
PUTNAM-IN,17
GIBSON-IN,13
HENRY-KY,8
DUPAGE-IL,260
HARALSON-GA,10
COFFEE-GA,12
MCINTOSH-GA,3
JOHNSON-MO,24
JEFFERSON-CO,172
HOLMES-FL,12
ST. JOHNS-FL,57
WASHINGTON-KS,8
ALGER-MI,6
LUCE-MI,3
PINE-MN,18
YELL-AR,11
PARK-WY,17
BEN HILL-GA,4
MERIWETHER-GA,8
CANNON-TN,7
JEFFERSON-OR,12
MENOMINEE-WI,4
MANITOWOC-WI,31
MONMOUTH-NJ,190
WARD-ND,36
BENSON-ND,14
CRAWFORD-PA,26
JO DAVIESS-IL,19
RICHMOND-NY,81
SENECA-NY,11
MUSCOGEE-GA,56
KNOX-OH,22
MARIN-CA,80
UNION-MS,9
GREEN LAKE-WI,10
PERKINS-NE,2
TAYLOR-KY,9
WASHINGTON-IL,8
HAWKINS-TN,20
JACKSON-TN,4
TORRANCE-NM,12
BLACK HAWK-IA,35
LEE-IA,12
FRANKLIN-ID,9
HETTINGER-ND,5
STONE-AR,7
BURT-NE,7
LOUP-NE,2
ADAMS-OH,9
LINCOLN-NV,12
RANDOLPH-MO,15
ALLENDALE-SC,4
HARDING-NM,4
CHAUTAUQUA-KS,4
FILLMORE-MN,17
CHAMPAIGN-IL,61
CUMBERLAND-IL,6
LINCOLN-MT,14
HENRY-GA,50
OKFUSKEE-OK,14
ALAMEDA-CA,401
NESHOBA-MS,11
VILAS-WI,13
NEOSHO-KS,10
WYANDOTTE-KS,65
LYON-IA,10
WAYNE-IA,5
MITCHELL-IA,6
ALLEGAN-MI,57
MCKENZIE-MT,1
FOUNTAIN-IN,7
HAMPSHIRE-MA,49
HUGHES-OK,12
JOHNSON-TN,7
DELTA-CO,18
NASSAU-FL,22
LEVY-FL,16
HOUGHTON-MI,18
SIBLEY-MN,12
LOGAN-NE,2
ROCKLAND-NY,67
CUSTER-CO,3
WAKULLA-FL,14
LIVINGSTON-MI,47
MARTIN-IN,6
KNOX-NE,15
BUFFALO-NE,27
HART-KY,8
SEVIER-UT,15
DECATUR-GA,9
RACINE-WI,63
LYON-KS,15
DONIPHAN-KS,9
BELTRAMI-MN,38
JACKSON-KY,8
MASON-IL,9
WILL-IL,191
MARION-IL,28
ADAIR-OK,18
TUNICA-MS,7
GARFIELD-CO,27
MCCORMICK-SC,4
TAYLOR-FL,11
CEDAR-IA,13
MECOSTA-MI,18
GLADWIN-MI,7
MERCER-NJ,108
SPINK-SD,20
SALINE-AR,28
JENNINGS-IN,8
CHERRY-NE,11
JEFFERSON-NE,8
SHELBY-KY,15
LYCOMING-PA,31
BRAXTON-WV,8
GILMER-WV,3
ASHLAND-OH,20
WAYNE-OH,42
CIMARRON-OK,7
CHEATHAM-TN,13
EAU CLAIRE-WI,36
SULLIVAN-NH,26
SUMNER-KS,20
WASHTENAW-MI,113
LAPEER-MI,31
STARK-ND,21
BIBB-AL,9
GRANT-AR,6
OHIO-KY,11
BEAVER-PA,52
HIGHLAND-OH,18
GREER-OK,6
WALWORTH-WI,42
SAWYER-WI,12
GRANT-KS,4
PARKE-IN,7
PIERCE-NE,6
PIKE-IL,12
GWINNETT-GA,144
BROWN-OH,17
COOPER-MO,16
WHEELER-OR,3
FOREST-WI,7
EMMET-IA,4
GOGEBIC-MI,7
BURLINGTON-NJ,147
PIERCE-ND,5
SANBORN-SD,6
AURORA-SD,9
LINCOLN-SD,20
ZIEBACH-SD,5
MARION-WV,23
RICHLAND-MT,16
EMERY-UT,10
DAVIS-UT,109
GRADY-OK,34
CLARKE-MS,9
DYER-TN,12
SHELBY-MO,7
LAKE-CO,5
OCONEE-SC,17
COLUMBIA-OR,22
VERNON-WI,22
MCKINLEY-NM,57
BREMER-IA,19
CLAYTON-IA,11
GENESEE-MI,158
ADAMS-ND,2
ROCK-MN,7
GREENE-IL,7
LAURENS-GA,13
NOWATA-OK,8
CONTRA COSTA-CA,276
AMADOR-CA,17
PEARL RIVER-MS,21
MADISON-TN,24
BARTON-MO,10
EDGEFIELD-SC,11
LIBERTY-FL,10
SUMTER-AL,7
ESCAMBIA-AL,16
STEVENS-MN,7
GREELEY-NE,6
SHERMAN-NE,4
OKANOGAN-WA,34
SKAMANIA-WA,11
WASHINGTON-KY,6
MONROE-PA,29
MACON-IL,46
PULASKI-GA,3
CALAVERAS-CA,22
MARION-KS,10
JONES-IA,10
APPANOOSE-IA,11
RENVILLE-MN,9
WAYNE-NE,9
WALLA WALLA-WA,29
SHERIDAN-WY,22
COOK-GA,4
LAWRENCE-MS,6
MINERAL-CO,1
MILWAUKEE-WI,295
FRANKLIN-KS,16
BARNES-ND,10
DEKALB-AL,20
MISSISSIPPI-AR,22
VERMILLION-IN,7
MARION-IN,255
CHELAN-WA,39
MORGAN-IL,27
PULASKI-IL,5
HERKIMER-NY,25
MARIPOSA-CA,16
LEE-MS,33
FRANKLIN-AL,14
CLAY-GA,3
APPLING-GA,6
LOVE-OK,9
LAWRENCE-MO,22
STODDARD-MO,21
LANE-OR,114
LINN-KS,8
MAHASKA-IA,7
MCHENRY-ND,8
MACON-GA,3
PUSHMATAHA-OK,13
BRYAN-OK,23
RUTHERFORD-TN,59
ST. CLAIR-MO,7
FLORENCE-SC,41
RICE-KS,12
TAMA-IA,9
ALPENA-MI,10
PAYETTE-ID,13
UNION-LA,1
WABASH-IN,14
ANDERSON-KY,8
MARSHALL-KY,12
GLACIER-MT,19
COCONINO-AZ,77
SHELBY-OH,21
DEWEY-OK,9
CLEVELAND-OK,71
BUTTE-CA,98
LINCOLN-MS,12
LOGAN-CO,13
UNION-FL,10
GOVE-KS,6
HUMBOLDT-IA,6
INGHAM-MI,110
ONEIDA-ID,7
BURKE-ND,6
LAKE-IN,131
SAN JUAN-WA,14
BOYD-KY,24
TYLER-WV,4
RICHLAND-IL,3
WAYNE-UT,4
FULTON-GA,199
GEORGE-MS,9
PICKENS-SC,26
LINN-OR,48
LUNA-NM,12
WORTH-IA,4
BINGHAM-ID,31
PIKE-AL,11
BRULE-SD,9
KANE-IL,154
JEFFERSON-IL,25
DOUGHERTY-GA,24
SISKIYOU-CA,52
PIKE-MO,12
IOWA-WI,16
STAFFORD-KS,6
BUENA VISTA-IA,14
BUTTE-ID,4
MCINTOSH-ND,6
WELLS-ND,5
JACKSON-AL,25
CUSTER-SD,7
LITTLE RIVER-AR,6
KIMBALL-NE,4
DAVIESS-KY,35
CHOUTEAU-MT,15
SARATOGA-NY,50
RANDOLPH-GA,4
NOBLE-OH,4
CHICKASAW-MS,10
AUDRAIN-MO,14
TODD-SD,11
GREENUP-KY,16
NICHOLAS-WV,14
LORAIN-OH,92
UNION-OH,18
WINSTON-MS,7
HINSDALE-CO,1
WALLOWA-OR,7
CLAY-KS,6
TRAILL-ND,11
MCLEAN-ND,15
LIMESTONE-AL,26
OGLE-IL,27
LASALLE-IL,51
WHEATLAND-MT,7
NEW LONDON-CT,113
TOLLAND-CT,48
BIBB-GA,42
POTTAWATOMIE-OK,36
CLAY-MS,9
SEQUATCHIE-TN,3
WARREN-MO,11
FREMONT-CO,15
CHESTER-SC,12
OKALOOSA-FL,51
JEFFERSON-IA,8
PEMBINA-ND,12
STEELE-ND,3
SHELBY-AL,46
HOWARD-NE,8
ADAIR-KY,5
MIFFLIN-PA,11
BOND-IL,8
ALBANY-NY,76
SEVIER-TN,28
BERNALILLO-NM,205
PERRY-IN,5
VALLEY-NE,5
ALBANY-WY,19
MOULTRIE-IL,7
SENECA-OH,20
PAWNEE-OK,8
FENTRESS-TN,6
MORGAN-CO,18
MCPHERSON-KS,18
BUTLER-KS,43
DECATUR-IA,7
TAYLOR-IA,4
IDAHO-ID,9
PENNINGTON-SD,42
UNION-IN,4
KITTITAS-WA,19
EFFINGHAM-GA,13
JACKSON-OH,12
MUSKOGEE-OK,38
LOUDON-TN,12
VERNON-MO,14
KOSSUTH-IA,9
LOGAN-ND,5
FAYETTE-AL,6
LONOKE-AR,24
CHASE-NE,5
BROWN-NE,4
PROVIDENCE-RI,200
JESSAMINE-KY,14
DODDRIDGE-WV,5
RANDOLPH-WV,18
CLINTON-IL,19
BROOME-NY,53
ELKO-NV,37
MONROE-TN,16
CROWLEY-CO,3
EAGLE-CO,23
ADAMS-CO,159
WICHITA-KS,2
JASPER-IA,18
MCPHERSON-SD,8
JOHNSON-AR,12
HENDRICKS-IN,43
LEHIGH-PA,85
GRANITE-MT,7
OKLAHOMA-OK,241
GARVIN-OK,22
SANTA BARBARA-CA,124
LAUDERDALE-MS,26
CAPE GIRARDEAU-MO,27
EDDY-ND,3
HANSON-SD,10
TIPTON-IN,5
CAMERON-PA,2
BROOKE-WV,15
TAZEWELL-IL,57
ECHOLS-GA,2
ALLEN-OH,36
COMANCHE-OK,48
MAJOR-OK,6
SIERRA-CA,7
POWESHIEK-IA,10
CLINTON-MI,29
GRAND FORKS-ND,32
TUSCALOOSA-AL,58
TRIPP-SD,6
KITSAP-WA,78
WASHINGTON-RI,39
LARUE-KY,5
SCHUYLKILL-PA,38
BEAVER-OK,8
SONOMA-CA,188
OURAY-CO,6
ELLIS-KS,10
CRAWFORD-KS,16
CHEROKEE-KS,15
CHEROKEE-AL,8
RAMSEY-MN,260
QUEENS-NY,376
WASHINGTON-VT,27
WASCO-OR,11
JACKSON-WI,12
SEWARD-KS,16
MONTGOMERY-IA,9
LOWNDES-AL,8
DAVISON-SD,13
NEWTON-AR,7
HOT SPRINGS-WY,4
HARRISON-KY,8
CATTARAUGUS-NY,29
LUCAS-OH,144
PALM BEACH-FL,280
JEWELL-KS,2
CASS-MI,22
CLEBURNE-AL,9
LAKE-SD,17
HOWARD-AR,9
PREBLE-OH,17
BALLARD-KY,5
CHEROKEE-GA,38
CUYAHOGA-OH,376
MORGAN-OH,6
MARSHALL-TN,10
ABBEVILLE-SC,10
BAYFIELD-WI,12
APACHE-AZ,61
SUWANNEE-FL,13
MOWER-MN,30
KNOX-KY,16
OLDHAM-KY,21
MACOUPIN-IL,29
DOUGLAS-IL,11
TIOGA-NY,20
WAYNE-GA,8
RIPLEY-MO,10
TAYLOR-WI,10
INDIAN RIVER-FL,29
CHASE-KS,2
SANILAC-MI,23
LATAH-ID,19
BUTLER-AL,7
MADISON-NE,23
LEWIS-WA,45
SWEETWATER-WY,29
ERIE-PA,75
PUTNAM-IL,4
ONEIDA-NY,77
CHENANGO-NY,23
TATTNALL-GA,7
SUSSEX-DE,50
BELMONT-OH,23
JEFFERSON-MS,6
FAYETTE-TN,7
LINN-MO,13
PULASKI-MO,21
ORANGE-VT,21
LAKE-OR,8
WOOD-WI,35
CITRUS-FL,27
POTTAWATTAMIE-IA,33
FLOYD-IA,8
CLARK-SD,11
MASON-WA,21
MERCER-PA,40
LIBERTY-MT,6
HART-GA,5
SIERRA-NM,5
LOS ALAMOS-NM,8
FINNEY-KS,21
WALKER-AL,25
FRONTIER-NE,6
GRANT-WA,56
LEWIS-WV,6
PUTNAM-NY,22
OTTAWA-OH,16
LAWRENCE-OH,25
SUNFLOWER-MS,15
COLE-MO,27
KIT CARSON-CO,9
LA PAZ-AZ,14
KEARNY-KS,6
IDA-IA,7
BARRY-MI,21
KEWEENAW-MI,2
POWER-ID,7
BLAINE-ID,9
DAKOTA-MN,141
KANABEC-MN,7
MAGOFFIN-KY,5
VERMILION-IL,40
STEWART-GA,3
BOLIVAR-MS,26
ITAWAMBA-MS,8
MOFFAT-CO,8
EMMONS-ND,8
CHAMBERS-AL,14
LAWRENCE-AR,10
WORCESTER-MA,258
PENDLETON-KY,4
ROWAN-KY,11
KANE-UT,10
GRAND-UT,5
CHOCTAW-MS,5
WARREN-TN,11
JACKSON-FL,23
GRANT-ND,3
MONROE-AL,9
PIERCE-WA,281
CARBON-WY,12
JEFFERSON-NY,39
FULTON-NY,21
WOODWARD-OK,13
MOORE-TN,2
BROWN-WI,82
MONROE-FL,24
DUVAL-FL,219
PHILLIPS-KS,7
MEADE-SD,18
COLUMBIA-AR,9
SPALDING-GA,18
OSAGE-OK,33
CUMBERLAND-TN,12
ALAMOSA-CO,6
MARINETTE-WI,24
STRAFFORD-NH,39
LAFAYETTE-FL,7
WARREN-IN,4
GRANT-IN,26
LAWRENCE-PA,26
PERRY-IL,12
HANCOCK-GA,3
ASHTABULA-OH,32
CARROLL-MO,13
HENDRY-FL,20
EDDY-NM,26
QUAY-NM,12
SHERMAN-KS,3
WARREN-IA,19
BUTLER-IA,11
COLBERT-AL,25
BEADLE-SD,15
SAUNDERS-NE,19
GOSPER-NE,2
WHITLEY-KY,21
MUSSELSHELL-MT,6
DADE-GA,4
MCDUFFIE-GA,6
LONG-GA,4
WARREN-OH,46
SCOTT-MS,12
WRIGHT-MO,15
ST. LUCIE-FL,53
ELK-KS,3
MACON-AL,7
HENRY-AL,6
SIOUX-NE,4
HARLAN-NE,2
PERRY-KY,19
FLOYD-KY,21
JUNIATA-PA,11
MCHENRY-IL,85
ONONDAGA-NY,124
PIKE-GA,5
TEHAMA-CA,45
CHAFFEE-CO,11
GUNNISON-CO,7
FAIRFIELD-SC,9
MARQUETTE-WI,10
VAN BUREN-IA,3
HILLSDALE-MI,29
ONTONAGON-MI,3
CASSIA-ID,18
JACKSON-SD,6
CLEBURNE-AR,9
BUCKS-PA,126
MADISON-NY,25
CLINTON-NY,28
DEFIANCE-OH,14
SMITH-MS,6
EL PASO-CO,230
PARK-CO,8
WELD-CO,100
UMATILLA-OR,34
MARTIN-FL,38
MORRIS-KS,4
O'BRIEN-IA,8
MASON-MI,17
GOLDEN VALLEY-ND,3
WILKIN-MN,8
ROCKCASTLE-KY,7
GARFIELD-MT,8
CHEMUNG-NY,24
MILLER-MO,16
GRUNDY-MO,7
MAUI-HI,33
PUEBLO-CO,64
CALHOUN-SC,3
SEMINOLE-FL,78
COLUMBIA-FL,22
NEZ PERCE-ID,18
PERRY-AL,2
DODGE-MN,8
LYMAN-SD,5
KING-WA,522
PLATTE-WY,14
SCOTT-KY,17
COOK-IL,1403
RABUN-GA,4
MONITEAU-MO,10
KAUAI-HI,21
MONROE-WI,27
ROCK-WI,64
BENZIE-MI,8
RICHLAND-ND,18
DEUEL-SD,4
ADAMS-IN,10
GREENE-IN,14
PLYMOUTH-MA,139
ROBERTSON-KY,1
COLUMBIA-NY,21
MERCER-OH,22
CHURCHILL-NV,8
DOUGLAS-NV,15
LAFAYETTE-MS,14
FRANKLIN-TN,12
NEWTON-MO,24
CHRISTIAN-MO,31
CLARK-MO,5
LAURENS-SC,16
BOX BUTTE-NE,7
BRECKINRIDGE-KY,10
DODGE-GA,7
JEFFERSON-GA,6
PONTOTOC-MS,14
FRANKLIN-VT,22
TELLER-CO,7
KENOSHA-WI,54
HAAKON-SD,5
DALLAS-AR,4
GARLAND-AR,28
CLAY-WV,6
HAMPSHIRE-WV,14
NEW CASTLE-DE,133
FRANKLIN-OH,375
WARREN-MS,18
DODGE-WI,40
SARASOTA-FL,62
KALKASKA-MI,9
MIDLAND-MI,30
LENAWEE-MI,56
CANYON-ID,78
MOBILE-AL,101
MAHNOMEN-MN,8
SALINE-NE,12
DAUPHIN-PA,73
FAYETTE-WV,19
POPE-IL,2
EFFINGHAM-IL,17
WHITE-GA,8
JENKINS-GA,3
MERCER-MO,4
WINDSOR-VT,33
KALAMAZOO-MI,102
SHOSHONE-ID,8
BONNER-ID,20
LEWIS-ID,5
TODD-MN,11
WHITE-AR,28
INDEPENDENCE-AR,15
JEFFERSON-PA,16
ATKINSON-GA,4
WALTON-GA,19
GLASCOCK-GA,1
COPIAH-MS,7
WEBSTER-MO,15
TREMPEALEAU-WI,23
UNION-IA,6
CHOCTAW-AL,4
MEEKER-MN,13
MASON-KY,5
PIKE-KY,26
SIMPSON-KY,6
CALDWELL-KY,5
WOOD-WV,31
CHAUTAUQUA-NY,51
OCONEE-GA,10
SACRAMENTO-CA,385
CLACKAMAS-OR,114
OSCEOLA-FL,86
OLIVER-ND,2
SHERBURNE-MN,40
BENTON-MN,14
DOUGLAS-NE,198
MONTOUR-PA,6
MONTGOMERY-IL,17
RICHLAND-OH,48
HERNANDO-FL,38
LAC QUI PARLE-MN,5
STANLEY-SD,4
RIPLEY-IN,14
EDWARDS-IL,3
COAL-OK,6
SUMMIT-CO,9
SALUDA-SC,6
LEXINGTON-SC,71
NAVAJO-AZ,91
FLAGLER-FL,15
WABAUNSEE-KS,8
COOSA-AL,4
KANDIYOHI-MN,20
CLAY-MN,30
MONROE-AR,4
PORTER-IN,54
BROWN-IN,6
BUTLER-NE,6
WASHAKIE-WY,10
PIATT-IL,15
CAYUGA-NY,23
MURRAY-GA,11
BUTLER-OH,86
FAYETTE-OH,7
MENDOCINO-CA,68
CALEDONIA-VT,13
KIOWA-CO,5
LEON-FL,63
MONTGOMERY-KS,12
CLAY-IA,7
MONROE-IA,5
VAN BUREN-MI,48
BULLOCK-AL,4
SKAGIT-WA,51
GREENBRIER-WV,16
MISSOULA-MT,41
BRYAN-GA,10
SANDUSKY-OH,24
TUOLUMNE-CA,30
TULARE-CA,196
MARSHALL-MS,16
SALINE-MO,19
DOOR-WI,17
NEMAHA-KS,9
SHELBY-IA,7
HAMILTON-IN,71
FERRY-WA,12
MUHLENBERG-KY,11
PHILADELPHIA-PA,312
MINERAL-WV,15
HABERSHAM-GA,13
TIPPAH-MS,10
MONTROSE-CO,19
YORK-SC,65
ONEIDA-WI,18
VALENCIA-NM,28
DOUGLAS-KS,29
ELMORE-ID,17
GARFIELD-WA,2
WETZEL-WV,9
GLYNN-GA,17
BACON-GA,4
HURON-OH,22
WASHINGTON-OK,20
JASPER-MS,7
MONTGOMERY-TN,39
BERKELEY-SC,48
POLK-WI,26
EDWARDS-KS,3
CLARKE-AL,10
HENDERSON-KY,14
OSWEGO-NY,39
BANKS-GA,5
WYANDOT-OH,9
RANKIN-MS,35
BLEDSOE-TN,5
KINGMAN-KS,9
POCAHONTAS-IA,6
BONNEVILLE-ID,49
OWEN-KY,3
MCCREARY-KY,9
TROUP-GA,18
MUSKINGUM-OH,32
WASHOE-NV,118
LOS ANGELES-CA,2295
WAYNE-TN,7
JASPER-MO,49
GRAHAM-KS,2
MISSAUKEE-MI,6
BENEWAH-ID,9
HOUSTON-MN,16
KOSCIUSKO-IN,20
BERKSHIRE-MA,48
WHITMAN-WA,26
CLINTON-KY,6
WESTMORELAND-PA,89
WEBSTER-WV,4
JUDITH BASIN-MT,10
CRAWFORD-GA,3
YUBA-CA,39
DECATUR-TN,4
ADA-ID,138
GREENE-AL,5
SULLY-SD,3
DECATUR-IN,7
LINCOLN-NE,22
NORFOLK-MA,193
GRANT-KY,10
ELLIOTT-KY,4
LYON-KY,5
PENDLETON-WV,4
FALLON-MT,7
TREUTLEN-GA,2
WOOD-OH,43
VINTON-OH,5
MARION-MS,10
BEDFORD-TN,14
CARTER-MO,5
SPARTANBURG-SC,85
BAMBERG-SC,6
BENTON-OR,27
ESCAMBIA-FL,73
JOHNSON-IA,40
GREENE-IA,6
NOBLES-MN,15
BUTTE-SD,8
GREENE-AR,15
MONROE-KY,6
WALKER-GA,18
DELAWARE-OH,55
MCINTOSH-OK,11
SAN MATEO-CA,188
KLAMATH-OR,30
MACKINAC-MI,9
HOUSTON-AL,31
NATRONA-WY,35
MORGAN-KY,9
SILVER BOW-MT,12
YALOBUSHA-MS,4
HOLT-MO,8
DAVIESS-MO,11
LAMOILLE-VT,15
NEWBERRY-SC,14
BRADFORD-FL,13
STANTON-KS,2
OSAGE-KS,13
DES MOINES-IA,16
EMMET-MI,16
JAY-IN,10
DOUGLAS-WA,21
FLEMING-KY,6
MARION-OH,26
WASHITA-OK,9
WEBSTER-MS,5
BLOUNT-TN,31
CURRY-NM,27
DUBUQUE-IA,26
WINNEBAGO-IA,9
IONIA-MI,31
DELAWARE-PA,109
KENDALL-IL,49
CARROLL-GA,29
HAMILTON-TN,78
OWYHEE-OR,1
IRON-WI,3
RENO-KS,32
GEARY-KS,15
ALCONA-MI,2
RUSH-IN,7
IRON-UT,19
BARROW-GA,16
LAKE-CA,42
MONROE-MS,13
BENNINGTON-VT,16
SANTA CRUZ-AZ,31
SAGINAW-MI,80
MIDDLESEX-NJ,201
WINSTON-AL,14
RUSSELL-AL,18
LIVINGSTON-KY,4
SOMERSET-PA,29
GRANT-WV,5
KANKAKEE-IL,40
WAYNE-IL,12
TOMPKINS-NY,33
LINCOLN-OK,24
SEDGWICK-CO,5
GLADES-FL,11
CARROLL-IA,10
HANCOCK-IA,5
MOUNTRAIL-ND,10
NEVADA-AR,4
LOGAN-AR,11
ST. FRANCIS-AR,11
ESSEX-MA,224
LEBANON-PA,35
FERGUS-MT,24
MONROE-GA,6
NOXUBEE-MS,6
GREENE-MS,6
HENRY-TN,9
BENTON-MO,11
NEW MADRID-MO,13
PEMISCOT-MO,18
PHILLIPS-CO,5
OSCEOLA-IA,3
HENRY-IA,12
ADAMS-IA,2
RANDOLPH-IN,13
HOLT-NE,13
BARNSTABLE-MA,51
CASEY-KY,6
LANCASTER-PA,115
BARBOUR-WV,9
WESTCHESTER-NY,254
TOOELE-UT,30
SUMTER-GA,8
CANDLER-GA,5
CHESTER-TN,6
MCDONALD-MO,11
POLK-FL,164
COMANCHE-KS,3
OTTER TAIL-MN,34
CLINTON-PA,12
MONONGALIA-WV,19
WYOMING-WV,14
SULLIVAN-NY,19
CLERMONT-OH,49
CHOCTAW-OK,13
ATOKA-OK,10
DUNKLIN-MO,21
ROCKINGHAM-NH,94
HARDEE-FL,12
WASHINGTON-AL,8
FREEBORN-MN,17
HARDING-SD,4
BLAIR-PA,32
MERCER-IL,8
FORD-IL,9
UNION-IL,16
LIVINGSTON-NY,23
NEWTON-GA,23
SAN JOAQUIN-CA,242
EL DORADO-CA,67
TATE-MS,10
MARION-FL,69
JACKSON-IA,10
IOSCO-MI,12
BECKER-MN,19
BIG STONE-MN,7
WAHKIAKUM-WA,2
LOGAN-KY,10
MILLARD-UT,10
MORROW-OH,13
MINERAL-NV,6
ALCORN-MS,13
HAMBLEN-TN,18
MACON-MO,14
LEE-FL,126
MACOMB-MI,259
KIDDER-ND,4
CRENSHAW-AL,4
CASS-MN,20
MILLER-AR,16
GREENE-PA,14
CAMDEN-GA,12
ROCKDALE-GA,21
LOGAN-OH,13
ROGERS-OK,34
SHASTA-CA,106
LAMAR-MS,18
WHITE-TN,9
PERRY-TN,4
CLARK-KS,5
MANISTEE-MI,15
CLARE-MI,17
CHIPPEWA-MI,24
FREMONT-ID,9
JACKSON-IN,15
STEVENS-WA,41
CALHOUN-IL,4
MCCONE-MT,6
BLAINE-OK,14
NOBLE-OK,10
HASKELL-OK,10
HARDEMAN-TN,9
CASS-MO,45
GRANT-OR,7
PAWNEE-KS,8
HARPER-KS,5
GOODHUE-MN,31
MIAMI-IN,11
SWITZERLAND-IN,4
ULSTER-NY,46
DARKE-OH,25
CADDO-OK,29
GRANT-OK,7
ORANGE-CA,626
SAN DIEGO-CA,775
JEFFERSON DAVIS-MS,5
OBION-TN,10
GIBSON-TN,20
SAN MIGUEL-CO,5
GRAFTON-NH,51
ATCHISON-KS,6
HOWARD-IA,5
ANOKA-MN,115
KOOCHICHING-MN,9
RED LAKE-MN,6
BOONE-AR,20
CLARK-IN,33
MCPHERSON-NE,2
KENTON-KY,46
NEW YORK-NY,370
COSHOCTON-OH,13
SAN LUIS OBISPO-CA,83
BRADLEY-TN,26
HUMPHREYS-TN,7
PHELPS-MO,15
LA CROSSE-WI,39
RUSH-KS,6
LOUISA-IA,10
STUTSMAN-ND,17
YANKTON-SD,10
GRAVES-KY,15
STEUBEN-NY,36
ELLIS-OK,6
PERRY-MS,8
CLATSOP-OR,15
CLAY-FL,54
MONONA-IA,7
DALE-AL,16
STEUBEN-IN,9
CHEYENNE-NE,12
JOHNSON-WY,5
CHRISTIAN-KY,19
PEORIA-IL,77
SANPETE-UT,16
UTAH-UT,189
MADISON-MS,33
GRUNDY-TN,7
PRICE-WI,10
BREVARD-FL,128
BARBER-KS,4
BOURBON-KS,6
HUDSON-NJ,133
CARVER-MN,44
ADAMS-IL,25
SCHENECTADY-NY,39
SUFFOLK-NY,347
GREENE-GA,5
MONTGOMERY-MO,7
ORANGEBURG-SC,33
BARTON-KS,15
BRANCH-MI,20
PICKENS-AL,8
WALWORTH-SD,7
POTTER-SD,6
PULASKI-IN,6
NIAGARA-NY,52
SEMINOLE-GA,2
CLAIBORNE-MS,4
PANOLA-MS,13
HANCOCK-TN,2
KEWAUNEE-WI,10
MORTON-KS,7
ELMORE-AL,18
LYON-MN,17
HAMLIN-SD,10
RED WILLOW-NE,8
BIG HORN-WY,16
SPENCER-KY,7
WARREN-PA,11
JEFFERSON-WV,16
HILL-MT,18
SCHOHARIE-NY,11
RIVERSIDE-CA,511
TILLAMOOK-OR,12
WRIGHT-IA,9
LAGRANGE-IN,13
RALEIGH-WV,30
DEKALB-IL,41
GRUNDY-IL,25
CARBON-MT,19
PONDERA-MT,15
NASSAU-NY,315
PRENTISS-MS,15
JACKSON-MS,46
ROBERTSON-TN,21
FLORENCE-WI,3
CERRO GORDO-IA,16
SEARCY-AR,7
VANDERBURGH-IN,40
VENANGO-PA,16
WYOMING-PA,8
MASON-WV,12
ST. CLAIR-IL,94
BRONX-NY,440
KIOWA-OK,10
MONO-CA,15
OKTIBBEHA-MS,8
CARTER-TN,20
COFFEE-TN,18
MARIES-MO,4
PIERCE-WI,25
GRAHAM-AZ,35
MARSHALL-SD,10
CALHOUN-AR,3
LAPORTE-IN,36
NEWPORT-RI,22
CLEARFIELD-PA,21
BUREAU-IL,24
GOLDEN VALLEY-MT,6
HEARD-GA,5
COTTON-OK,7
GRAINGER-TN,8
WINNEBAGO-WI,55
OAKLAND-MI,384
WARREN-NJ,45
DREW-AR,8
MADISON-KY,25
BUTLER-PA,39
MEDINA-OH,43
FORREST-MS,21
LAKE-MI,3
POINSETT-AR,15
PEND OREILLE-WA,9
THURSTON-WA,82
LAWRENCE-IL,6
WASHINGTON-NY,26
LANIER-GA,4
TALBOT-GA,1
JASPER-SC,8
CHARLESTON-SC,88
SAN MIGUEL-NM,21
COVINGTON-AL,15
WHITESIDE-IL,32
MEAGHER-MT,3
CARBON-UT,11
HOLMES-OH,18
HARDIN-OH,13
LEFLORE-MS,16
YUMA-CO,10
JEFFERSON-WI,31
FAYETTE-IA,17
CRAWFORD-MI,5
MCCOOK-SD,12
ASHLEY-AR,7
DAWES-NE,7
SARPY-NE,67
WASHINGTON-PA,57
TUCKER-WV,4
BERKELEY-WV,34
THOMAS-GA,13
CLAYTON-GA,67
LEE-SC,8
HAMPTON-SC,10
ROBERTS-SD,13
UINTA-WY,13
WEBSTER-KY,7
LACKAWANNA-PA,48
HANCOCK-WV,8
WEBSTER-GA,2
HANCOCK-OH,37
PICKAWAY-OH,19
HOWELL-MO,15
HUERFANO-CO,5
CARROLL-NH,23
JEFFERSON-KS,14
IOWA-IA,9
UNION-AR,18
VIGO-IN,29
SHERIDAN-NE,8
DIXON-NE,6
DAWSON-NE,20
EDMONSON-KY,5
UNION-KY,8
ALLEGANY-NY,19
CARROLL-MS,2
MALHEUR-OR,24
SUMTER-FL,14
DOÃ‘A ANA-NM,79
HAMILTON-IA,9
BON HOMME-SD,16
